time, low pass gyro, kalman gyro
3, 0.429785, 0.0
22, -0.5699298924999999, -0.1428571428571428
43, -0.5696449275537498, -0.2653061224489796
63, -0.569360105089973, -0.3702623906705539
83, 0.430424574962572, -0.3173677634319033
104, 0.4302093626750907, -0.27202951151306
124, 0.4299942579937532, -0.23316815272548
146, 0.4297792608647564, -0.19985841662184
166, 0.429564371234324, -0.1713072142472915
186, 0.4293495890487068, -0.1468347550691069
208, 0.4291349142541826, -0.125858361487806
229, -0.5705796532029446, -0.2507357384181194
250, 0.429205636623657, -0.2149163472155309
271, 0.4289910338053452, -0.1842140118990265
293, 0.4287765382884425, -0.1578977244848799
313, 0.4285621500192983, -0.1353409067013256
333, 0.4283478689442886, -0.1160064914582791
354, 0.4281336950098165, -0.0994341355356678
375, 0.4279196281623116, -0.08522925903057239
396, 0.4277056683482304, -0.07305365059763348
416, -0.5720081844859436, -0.2054745576551144
436, 0.4277778196062994, -0.1761210494186695
456, 0.4275639306964963, -0.1509608995017167
477, 0.427350148731148, -0.1293950567157572
498, -0.5723635263432174, -0.253767191470649
521, 0.4274226554199542, -0.2175147355462706
544, -0.5722910559077558, -0.3292983447539463
564, 0.4274950896201981, -0.2822557240748111
584, -0.572218657924612, -0.3847906206355524
606, -0.5719325485956497, -0.4726776748304735
625, 0.4278534176786482, -0.4051522927118344
647, 0.4276394909698089, -0.3472733937530009
668, 0.427425671224324, -0.2976629089311436
689, 0.4272119583887119, -0.2551396362266946
711, 0.4269983524095176, -0.2186911167657382
731, 0.4267848532333129, -0.187449528656347
752, -0.5729285391933038, -0.303528167419726
772, 0.4268579250762929, -0.2601670006454794
795, 0.4266444961137548, -0.2230002862675538
819, -0.5730688261343021, -0.334000245372189
837, -0.5727822917212348, -0.4291430674618763
859, 0.4270040994246258, -0.3678369149673225
881, -0.5727094026250866, -0.4581459271148479
903, -0.572423047923774, -0.5355536518127267
923, -0.5721368363998121, -0.6019031301251943
944, -0.5718507679816121, -0.6587741115358808
965, 0.4279351574023787, -0.5646635241736123
986, 0.4277211898236775, -0.4839973064345248
1006, 1.427007329228766, -0.2719976912295927
1029, 1.426293825564151, -0.09028373533965086
1049, 2.425080678651369, 0.2083282268517278
1069, 4.422868138312044, 0.7499956230157666
1090, 4.420656704242887, 1.214281962584943
1110, 5.417946375890766, 1.755098825072808
1130, 7.41423740270282, 2.504370421490978
1152, 8.41003028400147, 3.289460361277981
1173, 9.405325268859469, 4.10525173823827
1194, 9.400622606225038, 4.804501489918517
1217, -6.596077705078073, 3.118144134215871
1237, -20.58577966622554, -0.3273050278149672
1257, -13.57898677639242, -2.280547166698543
1280, -7.575197283004226, -3.09761185717018
1299, -10.56990968436272, -4.226524449003011
1321, -8.565624729520541, -4.908449527716867
1341, -7.561841917155782, -5.350099595185886
1364, -8.557560996197203, -5.871513938730759
1384, -0.5572822156991051, -5.175583376054936
1405, 1.441996425408744, -4.29335717947566
1426, 0.4417754271960402, -3.680020439550566
1447, 1.441054539482442, -3.011446091043342
1468, 2.439834012212701, -2.295525220894293
1490, 1.439114095206595, -1.82473590362368
1510, 1.438394538158991, -1.421202203106011
1533, 2.437175340889912, -0.9324590312337243
1554, 0.4369567532194669, -0.7992505982003351
1574, -0.5627617251571428, -0.8279290841717158
1596, 0.4370196557054358, -0.7096535007186136
1619, -0.5626988541224169, -0.7511315720445259
1640, -3.560917504695356, -1.215255633181022
1663, -3.559137045943008, -1.613076257012305
1683, -0.5588574774200365, -1.525493934581976
1704, -3.557078048681326, -1.878994801070265
1725, -4.554799509656986, -2.324852686631655
1745, -3.553022109902157, -2.564159445684276
1766, -0.5527455988472061, -2.340708096300808
1786, -6.549469226047782, -3.006321225400693
1808, -4.547194491434759, -3.291132478914879
1829, -1.546420894189041, -3.10668498192704
1850, -1.545647683741947, -2.948587127366034
1870, -3.543874859900076, -3.098788966313744
1890, -1.543102922470126, -2.941819113983209
1911, -4.54083137100889, -3.23584495484275
1932, -0.540560955323386, -2.916438532722358
1952, -1.539790674845724, -2.78551874233345
1974, -1.539020779508301, -2.673301779142957
1995, -6.535751269118547, -3.291401524979677
2017, 0.4640166065160122, -2.821201307125437
2041, -3.534215401787246, -2.989601120393232
2062, 0.4655517059136479, -2.562515246051342
2083, 1.464818930060691, -2.053584496615436
2104, 1.464086520595661, -1.617358139956088
2125, 1.463354477335363, -1.243449834248075
2146, 0.4631228000966952, -1.065814143641207
2169, 1.462391238696647, -0.7706978374067493
2189, 1.461660043077299, -0.5177410034914994
2210, 0.4614292130557599, -0.4437780029927137
2230, 2.460198498449232, -0.09466685970804035
2251, 1.459468399200007, 0.06171412025025114
2271, -0.5402613349995924, -0.08995932549978471
2293, 0.4595087956679073, -0.07710799328552977
2314, -0.5402209587299264, -0.2089497085304541
2335, -1.539450848250562, -0.4648140358832463
2359, -0.5391811228264363, -0.5412691736142111
2379, -1.538411532265023, -0.7496592916693237
2400, -3.536642326498891, -1.213993678573706
2422, -3.534874005335641, -1.611994581634605
2442, -4.532606568332973, -2.095995355686804
2462, -6.529340265048806, -2.796567447731547
2482, -7.525575594916282, -3.539914955198468
2504, -7.521812807118824, -4.177069961598687
2524, -8.517551900715265, -4.866059967084589
2547, -10.51229312476491, -5.742337114643933
2567, 32.47146302179748, -0.3505746696948009
2590, 25.45872729028658, 3.270935997404456
2610, 5.455997926641434, 3.517945140632391
2630, 1.455269927678113, 3.158238691970621
2651, 2.454042292714274, 2.992776021689103
2672, 12.44781527156792, 4.279522304304946
2694, 11.44209136393213, 5.239590546547096
2714, -0.5576296817498334, 4.34822046846894
2735, -11.55185086690896, 2.012760401544806
2757, 0.4479250585244961, 1.725223201324119
2779, 5.445201095995234, 2.193048458277817
2799, -0.5545215045527637, 1.736898678523843
2819, -7.550744243800487, 0.3459131530204369
2840, -4.548468871678587, -0.4177887259824827
2860, 1.450805362757252, -0.2152474794135566
2880, 1.450079960075874, -0.04164069664019133
2901, -3.548145079904164, -0.607120597120164
2922, -1.547371007364212, -0.8061033689601405
2942, 1.45190267813947, -0.5480886019658346
2964, 0.4516767268004002, -0.4697902302564297
2985, -1.547549111563, -0.6883916259340825
3005, 1.451724662992782, -0.4471928222292137
3027, 4.449498800661285, 0.1881204380892455
3047, 1.448774051260955, 0.3041032326479247
3066, 1.448049664235324, 0.403517056555364
3090, 2.446825639403206, 0.6315860484760263
3114, 2.445602226583505, 0.8270737558365939
3133, 0.4453794254702133, 0.7089203621456519
3154, 1.444656735757478, 0.7505031675534159
3177, 1.443934407389599, 0.7861455721886422
3196, 1.443212440185905, 0.8166962047331218
3217, 1.442490833965812, 0.8428824611998188
3240, 0.4422695885488289, 0.7224706810284162
3261, 0.4420484537545545, 0.6192605837386425
3282, -0.5576725704723228, 0.3879376432045507
3305, 0.4421062658129134, 0.3325179798896149
3326, 1.441385212680007, 0.4278725541910985
3349, -1.557835479926333, 0.08103361787808444
3369, 1.44144343781363, 0.2123145296097867
3390, 0.4412227160947234, 0.1819838825226743
3412, 1.440502104736676, 0.298843327876578
3434, 2.439281853684307, 0.5418657096084953
3454, 1.438562212757466, 0.6073134653787102
3479, 5.435842931651087, 1.234840113181752
3496, 4.433625010185262, 1.629862954155787
3519, 5.430908197680169, 2.111311103562103
3539, 7.427192743581329, 2.80969523162466
3559, 8.422979147209539, 3.551167341392565
3580, 9.418267657635933, 4.329572006907913
3601, -7.577941476192884, 2.56820457734964
3622, -30.56265250545479, -2.227253219414594
3644, -7.558871179202061, -3.051931330926795
3666, -6.555591743612459, -3.615941140794396
3688, -8.551313947740653, -4.385092406395196
3710, -4.549038290766783, -4.472936348338739
3731, -14.5417637716214, -5.976802584290348
3751, -3.539992889735589, -5.694402215106012
3775, -0.5397228932907212, -5.023773327233725
3794, 1.459546968155924, -4.16323428048605
3816, 1.458817194671846, -3.425629383273757
3837, 4.45658778607451, -2.364825185663221
3862, 1.455859492181473, -1.884135873425618
3882, 1.455131562435382, -1.472116462936244
3902, 1.454403996654165, -1.118956968231066
3922, 1.453676794655838, -0.8162488299123424
3946, 1.45294995625851, -0.5567847113534363
3965, 2.451723481280381, -0.1915297525886598
3986, 1.45099761953974, -0.02131121650456552
4010, -3.54722787927003, -0.5896953284324846
4030, -1.546454265330394, -0.7911674243707011
4052, 0.4533189618022709, -0.6781435066034581
4072, -6.543407697678631, -1.581265862802964
4092, -0.5431359938297909, -1.498227882402541
4113, 1.456135574167124, -1.141338184916463
4134, -3.542092493619959, -1.549718444214111
4154, -3.54032144737315, -1.899758666469238
4180, -1.539551286649463, -1.914078856973633
4196, -0.5392815110061382, -1.783496163120257
4219, -4.537011870250635, -2.242996711245934
4238, -6.53374336431551, -2.922568609639372
4260, 0.466023507366648, -2.505058808262319
4282, 2.464790495612965, -1.861478978510559
4304, -1.534441899634842, -1.881267695866194
4324, 0.4653253213149757, -1.612515167885309
4348, -0.5344073413456818, -1.52501300104455
4369, -0.5341401376750089, -1.450011143752472
4391, 0.4656269323938286, -1.242866694644976
4412, 0.4653941189276317, -1.065314309695694
4432, -0.5343385781318321, -1.05598369402488
4454, -0.534071408842766, -1.047986023449897
4474, 0.4656956268616553, -0.8982737343856265
4494, -0.5340372209517755, -0.9128060580448226
4516, -0.5337702023412996, -0.9252623354669907
4536, -0.5335033172401289, -0.935939144685992
4559, -1.532736565581509, -1.087947838302279
4580, -1.531970197298718, -1.218241004259096
4600, -0.5317042122000686, -1.187063717936368
4622, -0.5314383600939685, -1.160340329659744
4642, -0.5311726409139215, -1.137434568279781
4664, -1.530407054593464, -1.260658201382669
4684, 0.4693581489338323, -1.080564172613716
4704, 1.468623469859365, -0.7833407193831854
4725, 0.4683891581244357, -0.6714349023284446
4746, 0.4681549635453735, -0.5755156305672382
4767, -0.5315791139363992, -0.6361562547719185
4789, -0.531313324379431, -0.6881339326616445
4810, -1.530547667717241, -0.8755433708528381
4831, -1.529782393883383, -1.036180032159576
4852, -1.529017502686441, -1.173868598993922
4873, -4.526752993935098, -1.720458799137647
4895, -4.52448961743813, -2.188964684975126
4916, -4.522227372629411, -2.590541158550108
4936, -6.518966258943096, -3.220463850185807
4957, -6.515706775813625, -3.760397585873549
4979, -7.511948922425717, -4.366055073605899
4999, -10.5066929479645, -5.313761491662198
5021, 28.47906039850948, -0.5546527071390273
5042, 18.46982086831022, 2.096011965309405
5063, -11.52441404212393, 0.08229597026520441
5086, 2.47434816489713, 0.3562536887987466
5109, 12.46811099081468, 2.019646018970354
5130, 9.463376935319273, 3.016839444831732
5152, 8.459145246851614, 3.728719524141485
5172, 2.457915674228188, 3.481759592121273
5193, 1.457186716391074, 3.12722250753252
5214, 2.455958123032879, 2.96619072074216
5235, 2.454730143971362, 2.828163474921851
5256, -1.544497221100623, 2.138425835647301
5278, -3.542724972490073, 1.261507859126258
5298, 1.456546389996172, 1.224149593536793
5319, 0.456318116801174, 1.049271080174394
5342, 0.4560899577427734, 0.8993752115780516
5363, -1.543138087236098, 0.4851787527811871
5385, -3.54136651819248, -0.1555610690446967
5407, -0.5410958349333836, -0.2761952020383114
5428, 1.458174712984083, -0.09388160174712413
5451, 0.4579456256275911, -0.08046994435467781
5472, -3.540283347185222, -0.6404028094468667
5491, 0.45948679448837, -0.5489166938116
5513, 2.458257051091126, -0.1847857375528
5533, 0.4580279225655802, -0.1583877750452572
5553, 0.4577989086042975, -0.1357609500387918
5573, 1.457070009149995, 0.02649061425246413
5594, 0.4568414741454204, 0.0227062407878264
5617, 0.4566130534083477, 0.0194624921038512
5639, 0.4563847468816436, 0.01668213608901531
5657, -0.5433434454917972, -0.1285581690665583
5677, -3.541571773769051, -0.6816212877713355
5701, 0.4581990121178333, -0.5842468180897162
5721, -0.5415300873882256, -0.6436401297911853
5742, 1.457740677655469, -0.4088343969638731
5764, -0.5419881926833591, -0.4932866259690341
5785, -1.541217198587018, -0.7085313936877435
5806, 2.457553410012276, -0.3215983374466374
5828, -0.54217536669273, -0.4185128606685463
5851, 1.457095720990616, -0.2158681662873254
5870, 0.456867173130121, -0.1850298568177075
5892, 0.456638739543556, -0.1585970201294636
5913, 2.455410420173784, 0.1497739827461741
5933, 0.4551827149636974, 0.1283776994967206
5954, 2.453955123606216, 0.395752313854332
5974, 2.452728146044413, 0.6249305547322845
5994, 4.45050178197139, 1.107083332627672
6016, 5.447776531080405, 1.663214285109433
6036, 4.445552642814865, 1.997040815808086
6059, 7.441829866493457, 2.711749270692644
6081, 7.43810895156021, 3.324356517736552
6102, 8.43388989708443, 3.99230558663133
6124, -4.563827047864112, 2.707690502826854
6145, -31.54804513434018, -2.250550997576982
6166, -11.54227111177301, -3.643329426494556
6186, -4.539999976217123, -3.837139508423905
6208, -1.539229976229015, -3.57469100722049
6229, 0.4605396387590999, -3.064020863331849
6250, -10.53419063106028, -4.197732168570156
6270, -4.53192353574475, -4.31234185877442
6290, 7.464342426023123, -2.696293021806645
6312, 5.461610254810111, -1.596822590119982
6332, -4.536120550317293, -2.082990791531413
6356, -3.534352490042135, -2.356849249884068
6376, 7.461914686202886, -1.02015649990063
6396, 5.459183728859784, -0.1601341427719686
6419, 1.458454136995355, 0.005599306195455512
6440, -0.5412750900731428, -0.1380577375467524
6460, -1.540504452528106, -0.4040494893257877
6481, -1.539734200301842, -0.6320424194221038
6502, -0.5394643332016912, -0.684607788076089
6523, -3.53769460103509, -1.158235246922362
6543, -7.533925753734573, -2.135630211647739
6564, -4.531658790857706, -2.544825895698062
6585, -3.529892961462277, -2.752707910598339
6606, -1.529128014981545, -2.64517820908429
6629, -1.528363450974055, -2.55300989350082
6651, -0.5280992692485675, -2.331151337286417
6671, -4.525835219613943, -2.712415431959786
6693, -3.524072302004136, -2.89635608453696
6713, -0.5238102658531341, -2.625448072460251
6734, -1.523048360720207, -2.536098347823073
6754, -1.522286836539847, -2.459512869562634
6774, -1.521525693121577, -2.393868173910829
6796, -0.5212649302750166, -2.194744149066425
6816, -1.520504297809879, -2.166923556342649
6839, -3.518744045660974, -2.428791619722271
6860, -0.5184846736381436, -2.224678531190518
6882, 0.4812745686986755, -1.906867312449015
6902, -0.5184660685856739, -1.777314839242013
6924, -1.517706835551381, -1.809127005064583
6944, -1.516947982133605, -1.836394575769642
6968, -1.516189508142539, -1.859766779231122
6988, -3.514431413388467, -2.165514382198104
7008, -1.513674197681773, -2.141869470455518
7029, -0.513417360582932, -1.978745260390444
7049, -0.5131606519026406, -1.838924508906095
7071, -1.512404071576689, -1.861935293348081
7092, 0.4873521304590992, -1.595944537155498
7112, 1.48660845439387, -1.225095317561856
7132, 0.4863651501666727, -1.050081700767305
7153, 0.4861219675915894, -0.9000700292291185
7174, 4.483878906607794, -0.2000600250535303
7195, -0.5158630328455103, -0.3143371643315974
7215, -3.514105101329088, -0.8408604265699406
7237, 2.484651951221577, -0.4350232227742349
7261, -3.513590374754034, -0.9443056195207728
7281, 1.485666420433343, -0.6665476738749481
7301, -4.512076412776874, -1.285612291892813
7323, -3.510320374570485, -1.673381964479554
7343, -3.5085652143832, -2.005755969553903
7366, -6.505310931776008, -2.719219402474774
7386, -4.50305827631012, -3.045045202121235
7406, -8.498806747171965, -3.89575303038963
7428, -6.495557343798379, -4.339216883191111
7449, 5.50169043487352, -3.005043042735238
7469, 28.48743958965608, 1.424248820512653
7491, 11.48169586986125, 2.792213274725131
7512, 0.4814550219263251, 2.393325664050112
7533, 7.477714294415362, 3.051421997757239
7555, 4.475475437268154, 3.186933140934776
7575, 5.47273769954952, 3.445942692229808
7599, 1.472001330699745, 3.09652230762555
7621, -1.527234669965604, 2.368447692250472
7641, -1.526471052630622, 1.74438373621469
7661, -3.524707817104306, 0.9237574881840201
7681, -3.522945463195754, 0.2203635613005886
7701, 0.4768160095358438, 0.1888830525433617
7723, -1.522422398468924, -0.1238145263914042
7744, -4.520161187269689, -0.820412451192632
7769, 0.4795988933239453, -0.7032106724508274
7790, 1.478859093877283, -0.4598948621007093
7810, 1.478119664330345, -0.2513384532291794
7831, 0.4778806044981796, -0.2154329599107252
7851, 0.4776416641959305, -0.1846568227806216
7873, 2.476402843363832, 0.1274370090451815
7893, 1.475664641942151, 0.2520888648958698
7914, 1.47492680962118, 0.3589333127678884
7935, 4.472689346216369, 0.8790856966581899
7956, 1.471953001543261, 0.8963591685641628
7979, 0.4717170250424892, 0.7683078587692824
7999, 2.470481166529968, 0.9442638789450992
8023, 2.469245925946703, 1.095083324810085
8043, 2.46801130298373, 1.224357135551501
8064, 5.465277297332237, 1.763734687615573
8085, 2.464044658683572, 1.797486875099063
8109, 1.46331263635423, 1.683560178656339
8129, 2.462080980036053, 1.728765867419719
8151, -0.5376500604539651, 1.338942172074045
8171, -0.5373812354237381, 1.004807576063467
8193, 0.4623874551939738, 0.861263636625829
8213, -0.537343738533623, 0.5953688313935678
8236, 1.461924933335644, 0.6531732840516296
8259, -0.537806029131024, 0.4170056720442539
8279, -0.5375371261164585, 0.2145762903236462
8299, 0.4622316424465997, 0.1839225345631253
8319, -1.536999473374624, -0.1280663989458925
8341, -1.536230973637936, -0.3954854848107649
8360, -0.5359628581511172, -0.4818447012663699
8381, -0.5356948767220416, -0.5558668867997457
8402, 0.4640729707163194, -0.4764573315426392
8422, 0.4638409342309613, -0.4083919984651193
8442, 1.463109013763846, -0.2071931415415309
8462, 1.462377459256964, -0.03473697846416929
8483, 2.461146270527335, 0.2559397327449977
8503, 2.459915697392072, 0.5050911994957124
8524, 4.457685739543376, 1.004363885282039
8544, 4.455456896673605, 1.432311901670319
8564, 4.453229168225267, 1.799124487145988
8585, 5.450502553641154, 2.256392417553704
8605, 7.446777302364334, 2.934050643617461
8626, 8.442553913713152, 3.657757694529252
8649, -8.553167363243704, 1.849506595310788
8669, -23.54139077956208, -1.843280061162182
8692, -11.5356200841723, -3.294240052424727
8712, -4.533352274130215, -3.53792004493548
8733, -7.52958559799315, -4.175360038516126
8753, -6.526320805194153, -4.578880033013822
8773, -7.522557644791556, -5.06761145686899
8795, 2.476203634030839, -4.057952677316277
8817, 0.475965532213824, -3.478245151985381
8839, -1.523272450552283, -3.267067273130326
8859, 0.4764891856729933, -2.800343376968851
8879, 2.475250941080157, -2.114580037401872
8901, -0.5244866843903832, -1.955354317773033
8923, 1.474775558951812, -1.533160843805457
8943, 5.472038171172336, -0.5998521518332493
8965, 1.47130215208675, -0.3713018444284994
8985, 1.470566501010707, -0.1754015809387137
9005, 1.469831217760201, -0.007487069376040351
9028, -0.5299036978486789, -0.1492746308937489
9050, -0.5296387459997545, -0.2708068264803561
9070, -1.528873926626755, -0.5178344226974481
9091, -1.528109489663441, -0.7295723623120983
9111, -4.525845434918609, -1.33963345341037
9132, -4.52358251220115, -1.862542960066031
9153, -3.521820720945049, -2.167893965770884
9173, -1.521059810584577, -2.1439091135179
9196, -1.520299280679285, -2.123350668729629
9215, -1.519539131038945, -2.105729144625396
9237, -3.517779361473425, -2.376339266821768
9259, -3.516020471792689, -2.608290800132944
9280, -1.515262461556792, -2.521392114399666
9299, -1.514504830326014, -2.446907526628285
9319, -1.513747577910851, -2.383063594252816
9341, -0.5134907041218955, -2.185483080788128
9363, -1.512733958769835, -2.158985497818396
9383, 0.4870224082095506, -1.850558998130054
9403, 0.4867788970054458, -1.586193426968618
9423, -0.512964492443057, -1.502451508830244
9444, 0.4867919898031646, -1.287815578997352
9464, 1.486048593808263, -0.9609847819977302
9484, 1.485305569511359, -0.6808440988551974
9505, 0.4850629167266034, -0.5835806561615977
9526, -0.5146796147317599, -0.643069133852798
9547, 1.484577725075606, -0.4083449718738269
9569, 0.4843354362130682, -0.3500099758918516
9591, -1.514906731505038, -0.5857228364787299
9614, 0.4848507218607142, -0.5020481455531971
9634, -1.514391703500216, -0.716041267617026
9654, -3.512634507648466, -1.185178229386022
9676, -3.510878190394642, -1.587295625188019
9695, -3.509122751299445, -1.931967678732588
9717, -4.506868189923795, -2.370258010342218
9738, -6.503614755828833, -3.031649723150473
9758, -6.500362948450918, -3.598556905557548
9779, -7.496612766976693, -4.227334490477898
9802, -8.492364460593205, -4.909143848981055
9823, 29.4928817216371, -0.06498044198376274
9845, 22.48163528077627, 3.087159621156775
9866, 22.47039446313589, 5.788993960991521
9890, 0.4701592659043177, 4.961994823707018
9910, -7.526075813728634, 3.110281277463158
9931, -16.51781277582177, 0.2373839521112786
9951, 4.479946130566141, 0.774900530381096
9971, 0.4797061575008578, 0.664200454612368
9991, -7.516533695577893, -0.5735424674751131
10013, -4.514275428730103, -1.205893543550097
10037, 1.484981708984261, -0.8907658944715118
10059, -0.5147607818702307, -0.9063707666898672
10079, 0.4849965985207044, -0.7768892285913148
10101, 1.484254100221444, -0.523047910221127
10121, 2.483011973171334, -0.1626124944752517
10141, 1.482270467184748, 0.003475004735498499
10163, 0.4820293319511554, 0.002978575487570142
10183, 1.48128831728518, 0.1454102075607744
10205, 7.477547673126537, 1.124637320766378
10228, 4.475308899289974, 1.535403417799753
10250, 2.474071244840329, 1.601774358114074
10270, 8.469834209217909, 2.515806592669206
10290, 7.4660992921133, 3.156405650859319
10311, 2.464866242467243, 2.991204843593702
10332, 2.46363380934601, 2.849604151651745
10352, 5.460901992441337, 3.156803558558638
10373, 4.458671541445116, 3.277260193050262
10394, 4.456442205674394, 3.380508736900224
10414, 2.455213984571556, 3.183293203057335
10436, 2.453986377579271, 3.014251316906287
10456, 1.453259384390481, 2.726501128776817
10479, 0.4530327546982859, 2.337000967522986
10502, 2.451806238320937, 2.28885797216256
10523, 2.450580335201777, 2.247592547567908
10543, 1.449855045034175, 2.069365040772493
10566, -0.5498698824883416, 1.630884320662137
10585, -1.549094947547097, 1.112186560567546
10605, -0.5488204000733238, 0.8104456233436109
10628, -0.5485459898732871, 0.5518105342945237
10648, 0.4512282831216496, 0.4729804579667346
10669, 2.450002668980089, 0.6911261068286296
10690, 0.4497776676455988, 0.592393805853111
10711, -0.5499472211882239, 0.3649089764455238
10733, 2.44882775242237, 0.5984934083818775
10753, -0.550896661453841, 0.3701372071844664
10774, 0.448878786876886, 0.3172604633009712
10795, 0.4486543474834476, 0.271937539972261
10817, 0.4484300203097058, 0.2330893199762238
10840, 0.4482058052995511, 0.1997908456939061
10861, 0.4479817023969012, 0.1712492963090624
10881, 0.4477577115457028, 0.1467851111220535
10903, 0.4475338326899299, 0.1258158095331887
10925, 0.447310065773585, 0.1078421224570189
10945, -1.551913589259302, -0.1932781807511267
10966, 1.447362367535328, -0.02280986921525144
10988, 0.4471386863515602, -0.01955131647021552
11009, 1.446415117008384, 0.1260988715969581
11031, 2.44519190944988, 0.3937990327973927
11051, 2.443969313495155, 0.6232563138263365
11074, 5.441247328838408, 1.248505411851145
11094, 5.438526705173989, 1.784433210158125
11114, 7.434807441821402, 2.529514180135535
11136, 9.430090038100492, 3.45386929725903
11158, 7.426374993081441, 3.960459397650597
11179, -26.5603381944151, -0.4624633734423451
11200, -13.55355802531789, -2.396397177236296
11221, 5.443718753694767, -1.339769009059682
11243, -11.55050310568208, -2.862659150622584
11262, -17.54172785412924, -5.025136414819358
11284, -1.540956990202175, -4.592974069845164
11305, 1.458313488292926, -3.793977774152998
11326, 1.45758433154878, -3.109123806416855
11348, -0.5421444606169947, -2.807820405500162
11371, -3.540373388386686, -2.978131776142996
11392, -0.5401032016924927, -2.695541522408282
11413, -0.5398331500916465, -2.453321304921385
11433, -1.539063233516601, -2.388561118504044
11453, -0.5387937018998423, -2.190195244432038
11475, -1.538024305048892, -2.163024495227461
11495, 0.461744707103632, -1.854020995909252
11520, -0.5379861652499198, -1.732017996493645
11541, 0.4617828278327052, -1.48458685413741
11561, -3.536448063581211, -1.843931589260637
11583, -1.53567983954942, -1.866227076509117
11603, -4.533411999629646, -2.3139089227221
11623, -4.531145293629831, -2.697636219476086
11647, -4.528879720983016, -3.026545330979502
11670, -3.527115281122525, -3.165610283696716
11689, -3.525351723481963, -3.284808814597185
11713, -4.523089047620222, -3.529836126797588
11733, -3.521327503096412, -3.597002394397932
11754, -1.520566839344864, -3.368859195198228
11774, -0.5203065559251913, -3.030450738741338
11794, 0.4794535973527713, -2.597529204635433
11819, -3.518786129445905, -2.7978821754018
11838, 0.4809732636188181, -2.398184721772971
11861, 1.480232776987009, -1.91272976151969
11879, 0.4799926605985152, -1.639482652731163
11901, -0.5197473357317842, -1.548127988055282
11922, -3.517987462063918, -1.898395418333099
11942, -3.516228468332886, -2.198624644285514
11963, 2.48252964590128, -1.598821123673297
11985, 4.48028838107833, -0.7989895345771121
12006, 0.4800482368877906, -0.6848481724946676
12027, 0.4798082127693467, -0.5870127192811436
12049, -3.518431691337038, -1.074582330812409
12070, -1.517672475491369, -1.206784854982065
12091, -0.5174136392536237, -1.177244161413198
12110, -0.5171549324339968, -1.151923566925598
12131, -1.51639635496778, -1.273077343079084
12152, -0.5161381567902959, -1.234066294067786
12172, -0.5158800877119008, -1.200628252058103
12191, -0.5156221476680447, -1.171967073192659
12212, -1.514864336594211, -1.290257491307994
12233, -3.513106904425913, -1.677363563978281
12256, -4.5108503509737, -2.152025911981383
12274, -4.508594925798214, -2.5588793531269
12296, -6.505340628335315, -3.193325159823057
12317, -6.502087958021146, -3.737135851276906
12339, -8.497836914042136, -4.488973586808776
12359, -10.49258799558512, -5.419120217264665
12381, 29.49265829841268, -0.502103043369714
12403, 18.48341196926347, 2.141054534254531
12425, 7.479670263278839, 2.835189600789598
12445, 11.4739304281472, 4.001591086391084
12467, 7.470193462933127, 4.429935216906643
12488, 5.46745836620166, 4.511373043062837
12509, 4.465224637018559, 4.438319751196717
12531, 1.46449202470005, 3.947131215311472
12551, -3.5337402213123, 2.811826755981262
12573, -1.532973351201644, 2.124422933698224
12593, -1.532206864526043, 1.535219657455621
12615, -4.52994076109378, 0.601616849247675
12638, -3.528175790713233, -0.05575698635913562
12656, 0.4715882971821234, -0.04779170259354482
12678, -1.527647496966468, -0.3266786022230384
12699, -1.526883673217984, -0.5657245161911758
12720, 0.4728797686186247, -0.484906728163865
12741, 0.4726433287343154, -0.4156343384261699
12764, 0.4724070070699482, -0.3562580043652885
12784, 2.471170803566413, -0.01964971802739018
12807, 4.46893521816463, 0.5545859559765227
12829, 4.466700750555548, 1.046787962265591
12849, 1.46596740018027, 1.040103967656221
12870, 1.46523441648018, 1.034374829419618
12891, 1.46450179927194, 1.029464139502529
12911, 4.462269548372304, 1.453826405287882
12932, 2.461038413598118, 1.531851204532471
12952, 1.460307894391319, 1.455872461027832
12973, 4.458077740444123, 1.81931925230957
12993, 4.455848701573901, 2.130845073408203
13015, -0.5438792227768858, 1.683581491492745
13035, -0.5436072831654974, 1.300212706993782
13058, -0.5433354795239146, 0.9716108917089558
13078, -0.5430638117841527, 0.6899521928933908
13101, -3.54129227987826, 0.01995902248004922
13122, -0.5410216337383213, -0.125749409302815
13143, -0.5407511229214521, -0.2506423508309843
13164, 0.4590192526400086, -0.2148363007122722
13184, -0.5407102569863113, -0.3270025434676619
13208, -0.5404399018578182, -0.4231450372579959
13228, -1.539669681906889, -0.648410031935425
13248, 0.4601001529340642, -0.5557800273732214
13269, 0.4598701028575972, -0.4763828806056184
13291, -1.539359832193832, -0.69404246909053
13311, 0.4604098477222654, -0.59489354493474
13333, -0.5393203572015956, -0.6527658956583485
13353, -1.538550697022995, -0.8452279105642988
13377, 0.4612185783255166, -0.7244810661979704
13398, -0.5385120309636462, -0.7638409138839746
13419, -0.5382427749481643, -0.7975779261862639
13439, 0.4615263464393098, -0.6836382224453691
13461, 1.46079558326609, -0.4431184763817449
13482, 1.460065185474457, -0.2369586940414957
13502, 0.4598351528817199, -0.2031074520355677
13522, 1.459105235305279, -0.03123495888762948
13544, 1.458375682687627, 0.1160843209534604
13564, 1.457646494846283, 0.2423579893886804
13585, 2.45641767159886, 0.4934497051902974
13609, 1.45568946276306, 0.5658140330202549
13627, 2.454461618031679, 0.7706977425887898
13648, 4.452234387222663, 1.232026636504677
13671, 4.450008270029052, 1.627451402718294
13691, 5.447283265894037, 2.109244059472824
13711, 5.44455962426109, 2.522209193833849
13731, 8.44033734444896, 3.304750737571871
13752, 8.436117175776735, 3.975500632204461
13773, 12.42989911718885, 5.12185768474668
13794, -28.55581583236975, 0.2473065869257258
13814, -21.54503792445357, -2.930880068349378
13837, -8.540765405491335, -3.797897201442323
13858, -8.536495022788591, -4.54105474409342
13879, -10.5312267752772, -5.463761209222931
13899, -10.52596116188956, -6.254652465048227
13922, -6.522698181308613, -6.361130684327051
13943, 5.474563167782041, -4.738112015137473
13963, 5.471825886198151, -3.34695315583212
13984, 0.4715899732550518, -2.868816990713245
14010, -1.527645821731576, -2.74470027775421
14032, 2.47111800117929, -2.066885952360752
14053, 2.4698824421787, -1.485902244880644
14078, 4.467647500957611, -0.7022019241834095
14098, 2.466413677207132, -0.316173077871494
14119, 1.465680470368529, -0.1281483524612805
14143, 0.4654476301333446, -0.1098414449668119
14162, -0.5342850936817221, -0.2370069528286959
14183, -0.5340179511348811, -0.3460059595674536
14203, 0.4657490578406863, -0.2965765367721031
14226, 0.465516183311766, -0.2542084600903741
14247, -3.53271657477989, -0.7893215372203207
14266, -3.5309502164925, -1.247989889045989
14288, -3.529184741384253, -1.641134190610848
14307, -1.528420149013561, -1.692400734809298
14330, 0.4713440610609454, -1.450629201265112
14350, -0.528391610969585, -1.386253601084382
14370, -3.5266274151641, -1.759645943786613
14392, -3.524864101456518, -2.079696523245668
14414, -0.5246016694057898, -1.925454162782001
14434, -0.5243393685710869, -1.793246425241716
14457, -1.523577198886801, -1.822782650207185
14478, -0.523315410287358, -1.705242271606158
14498, -0.5230537525822143, -1.604493375662422
14519, -0.5227922257059232, -1.518137179139218
14541, -0.5225308295930702, -1.44411758211933
14561, -0.5222695641782736, -1.38067221324514
14583, 0.4774915706038155, -1.183433325638692
14603, -0.5222471751814863, -1.157228564833164
14623, 0.4775139484061045, -0.9919101984284264
14643, -0.5222248085680985, -0.9930658843672227
14665, 0.4775363038361855, -0.8511993294576195
14685, -0.5222024643157326, -0.8724565681065309
14708, -0.5219413630835747, -0.8906770583770264
14728, 2.476819607597967, -0.4777231928945941
14749, -1.522418802205832, -0.6951913081953665
14770, -0.5221575928047288, -0.7387354070245999
14791, -1.521396514008327, -0.9189160631639426
14811, -1.520635815751322, -1.073356625569094
14831, -1.519875497843447, -1.205734250487795
14852, -3.518115560094525, -1.604915071846681
14872, -3.516356502314478, -1.94707006158287
14893, -4.51409832406332, -2.383202909928174
14913, -4.511841274901289, -2.757031065652721
14934, -6.508585354263838, -3.363169484845189
14955, -8.504331061586706, -4.168430987010161
14976, -8.500078896055912, -4.858655131722996
14997, -0.4998288566078847, -4.307418684333997
15019, 29.48542105782042, 0.4507839848565736
15040, 14.47817834729151, 2.386386272734206
15060, 9.473439258117864, 3.331188233772176
15081, 1.472702538488804, 2.998161343233294
15101, 0.47246618721956, 2.569852579914252
15122, 9.46772995412595, 3.48844506849793
15142, 2.466496089148887, 3.275810058712512
15163, 1.465762841104313, 2.950694336039296
15184, 2.464529959683761, 2.814880859462253
15205, 1.463797694703919, 2.55561216525336
15228, -0.535934204143433, 2.047667570217166
15248, -1.535166237041361, 1.469429345900428
15269, 0.4646013460771595, 1.259510867914653
15290, -1.534630954595879, 0.7938664582125595
15310, -0.5343636391185811, 0.537599821325051
15332, -1.533596457299022, 0.1750855611357581
15352, -1.532829659070372, -0.1356409475979216
15372, -0.532563244240837, -0.25912081222679
15394, -0.5322969626187167, -0.3649606961943914
15414, -1.531530814137407, -0.5985377395951925
15437, -1.530765048730338, -0.7987466339387365
15460, -0.5304996662059732, -0.8274971148046312
15481, 0.4692655836271298, -0.7092832412611125
15502, 1.468530950835316, -0.4650999210809536
15523, -0.5312033146401014, -0.5415142180693888
15544, 0.4685622870172187, -0.4641550440594761
15565, 1.46782800587371, -0.2549900377652653
15587, 1.467094091870773, -0.07570574665594167
15609, 0.466860544824838, -0.06489063999080715
15628, 0.4666271145524256, -0.05562054856354899
15651, 0.4663938009951494, -0.04767475591161342
15672, 0.4661606040946518, -0.04086407649566865
15694, 1.465427523792604, 0.1078307915751412
15714, -0.5343051899692917, -0.05043075007845042
15738, 1.464961962625693, 0.09963078564704251
15759, -0.5347705183556199, -0.05745932658824926
15779, 1.464496866903558, 0.09360629149578635
15800, 2.463264618470106, 0.3659482498535311
15821, 1.462532986160871, 0.4565270713030267
15841, 2.461301719667791, 0.6770232039740228
15862, 2.460071068807957, 0.866019889120591
15883, 4.457841033273553, 1.313731333531935
15903, 5.455112112756916, 1.840341143027373
15924, 7.451384556700538, 2.577435265452034
15945, 7.447658864422188, 3.209230227530315
15967, 8.443435034989976, 3.893625909311698
15990, 8.439213317472481, 4.480250779410027
16010, -30.54550628918625, -0.5883564747914054
16031, -24.53323353604166, -4.075734121249776
16053, -6.52996691927364, -4.493486389642666
16072, 2.468798064185996, -3.565845476836571
16093, 1.468063665153903, -2.913581837288489
16115, -8.527670366678674, -3.783070146247276
16135, -8.523406531495334, -4.528345839640522
16158, 0.4763551717704134, -3.881439291120448
16178, 2.475116994184528, -3.041233678103241
16200, 0.474879435687436, -2.606771724088492
16218, 1.474141995969592, -2.091518620647279
16241, 1.473404924971607, -1.649873103411954
16261, 1.472668222509122, -1.271319802924532
16281, 2.471431888397867, -0.8039884025067414
16302, 0.4711961724536683, -0.6891329164343498
16322, 2.469960574367442, -0.3049710712294428
16343, -0.5297744059197422, -0.4042609181966652
16365, -4.527509518716783, -1.060795072739999
16385, -1.526745763957424, -1.194967205205713
16408, -3.524982391075445, -1.595686175890611
16430, -1.524219899879907, -1.653445293620524
16451, -0.5239577899299674, -1.560095965960449
16471, -7.520195811035002, -2.480082256537528
16492, -3.518435713129485, -2.697213362746452
16512, -3.51667649527292, -2.883325739496959
16538, -1.515918157025284, -2.75713634814025
16556, -3.514160197946771, -2.934688298405929
16579, -3.512403117847798, -3.086875684347939
16600, -1.511646916288874, -2.93160772944109
16620, -0.5113910928307293, -2.655663768092363
16641, -0.5111353972843138, -2.419140372650597
16661, -0.5108798295856715, -2.216406033700512
16682, 1.488375610329121, -1.756919457457581
16702, 1.487631422523957, -1.363073820677927
16722, 2.486387606812695, -0.8826347034382231
16744, 0.4861444130092884, -0.756544031518477
16765, -0.5135986591972161, -0.791323455587266
16785, 1.485658140132383, -0.5354201047890852
16808, 1.484915311062316, -0.3160743755335016
16829, -0.5148271465932148, -0.4137780361715728
16852, -0.5145697330199183, -0.4975240310042052
16872, 0.4851875518465917, -0.4264491694321759
