time, raw gyro
18, 0
21, 0
28, 0
31, 0
34, 0
35, 0
39, 0
41, 0
43, 0
45, 0
54, 0
57, 0
60, 0
64, 0
66, 0
69, 0
71, 0
74, 0
77, 0
80, 0
85, 0
89, 0
91, 0
96, 0
99, 0
101, 0
106, 0
109, 0
111, 0
115, 0
119, 0
121, 0
123, 0
128, 0
132, 0
135, 0
138, 0
140, 0
144, 0
145, 0
153, 0
155, 0
159, 0
161, 0
163, 0
165, 0
169, 0
173, 0
175, 0
180, 0
181, 0
189, 0
191, 0
193, 0
200, 0
203, 0
205, 0
209, 0
211, 0
212, 0
214, 0
218, 0
220, 0
223, 0
229, 0
231, 0
233, 0
238, 0
241, 0
245, 0
250, 0
251, 0
256, 0
260, 0
261, 0
268, 0
271, 0
273, 0
279, 0
281, 0
282, 0
284, 0
288, 0
290, 0
292, 0
294, 0
295, 0
300, 0
302, 0
308, 0
309, 0
313, 0
315, 0
321, 0
323, 0
328, 0
330, 0
332, 0
335, 0
341, 0
343, 0
348, 0
352, 0
354, 0
356, 0
360, 0
361, 0
367, 0
375, 0
378, 0
381, 0
384, 0
388, 0
391, 0
393, 0
395, 0
399, 0
401, 0
405, 0
408, 0
410, 0
413, 0
415, 0
418, 0
420, 0
421, 0
426, 0
429, 0
431, 0
436, 0
440, 0
442, 0
445, 0
449, 0
450, 0
453, 0
458, 0
459, 0
461, 0
465, 0
468, 0
470, 0
471, 0
474, 0
476, 0
480, 0
482, 0
484, 0
485, 0
489, 0
492, 0
496, 0
499, 0
501, 0
504, 0
507, 0
510, 0
513, 0
515, 0
520, 0
522, 0
523, 0
527, 0
529, 0
532, 0
536, 0
540, 0
541, 0
545, 0
551, 0
556, 0
560, 0
561, 0
570, 0
572, 0
574, 0
578, 0
583, 0
586, 0
591, 0
598, 0
600, 0
601, 0
603, 0
605, 0
611, 0
613, 0
615, 0
619, 0
623, 0
625, 0
628, 0
630, 0
633, 0
634, 0
638, 0
640, 0
644, 0
646, 0
649, 0
652, 0
655, 0
659, 0
661, 0
664, 0
668, 0
669, 0
671, 0
679, 0
682, 0
683, 0
685, 0
688, 0
690, 0
691, 0
694, 0
698, 0
701, 0
702, 0
704, 0
709, 0
711, 0
713, 0
715, 0
718, 0
720, 0
723, 0
725, 0
729, 0
731, 0
733, 0
734, 0
738, 0
740, 0
743, 0
746, 0
749, 0
751, 0
753, 0
757, 0
761, 0
763, 0
769, 0
774, 0
778, 0
780, 0
784, 0
786, 0
789, 0
791, 0
795, 0
798, 0
801, 0
804, 0
808, 0
811, 0
813, 0
815, 0
818, 0
821, 0
823, 0
825, 0
828, 0
830, 0
831, 0
834, 0
839, 0
843, 0
845, 0
849, 0
851, 0
854, 0
857, 0
859, 0
862, 0
864, 0
865, 0
869, 0
871, 0
872, 0
874, 0
878, 0
879, 0
881, 0
884, 0
888, 0
889, 0
891, 0
892, 0
894, 0
898, 0
901, 0
904, 0
908, 0
910, 0
913, 0
915, 0
919, 0
922, 0
924, 0
925, 0
928, 0
930, 0
932, 0
934, 0
938, 0
939, 0
941, 0
944, 0
947, 0
949, 0
951, 0
953, 0
955, 0
958, 0
961, 0
964, 0
966, 0
970, 0
973, 0
975, 0
978, 0
980, 0
981, 0
983, 0
985, 0
988, 0
990, 0
992, 0
995, 0
998, 0
1001, 0
1004, 0
1006, 0
1009, 0
1010, 0
1012, 0
1016, 0
1020, 0
1023, 0
1029, 0
1033, 0
1039, 0
1043, 0
1047, 0
1050, 0
1053, 0
1058, 0
1062, 0
1068, 0
1071, 0
1075, 0
1078, 0
1081, 0
1085, 0
1089, 0
1091, 0
1093, 0
1096, 0
1101, 0
1103, 0
1106, 0
1109, 0
1119, 0
1121, 0
1123, 0
1125, 0
1128, 0
1131, 0
1134, 0
1140, 0
1141, 0
1143, 0
1145, 0
1148, 0
1150, 0
1153, 0
1155, 0
1159, 0
1161, 0
1172, 0
1176, 0
1181, 0
1183, 0
1189, 0
1193, 0
1194, 0
1198, 0
1200, 0
1205, 0
1210, 0
1211, 0
1214, 0
1216, 0
1219, 0
1223, 0
1224, 0
1226, 0
1230, 0
1234, 0
1238, 0
1239, 0
1244, 0
1246, 0
1249, 0
1250, 0
1252, 0
1254, 0
1257, 0
1259, 0
1260, 0
1263, 0
1265, 0
1270, 0
1272, 0
1278, 0
1279, 0
1282, 0
1288, 0
1290, 0
1292, 0
1293, 0
1298, 0
1300, 0
1301, 0
1303, 0
1306, 0
1310, 0
1311, 0
1317, 0
1319, 0
1321, 0
1324, 0
1328, 0
1333, 0
1336, 0
1339, 0
1340, 0
1342, 0
1344, 0
1345, 0
1349, 0
1350, 0
1352, 0
1355, 0
1360, 0
1362, 0
1363, 0
1370, 0
1372, 0
1376, 0
1378, 0
1380, 0
1383, 0
1384, 0
1388, 0
1390, 0
1392, 0
1398, 0
1400, 0
1402, 0
1403, 0
1407, 0
1409, 0
1411, 0
1414, 0
1418, 0
1422, 0
1428, 0
1429, 0
1431, 0
1434, 0
1436, 0
1439, 0
1441, 0
1443, 0
1445, 0
1448, 0
1452, 0
1454, 0
1457, 0
1459, 0
1460, 0
1465, 0
1468, 0
1470, 0
1472, 0
1474, 0
1478, 0
1481, 0
1484, 0
1487, 0
1489, 0
1492, 0
1493, 0
1498, 0
1503, 0
1506, 0
1508, 0
1510, 0
1512, 0
1513, 0
1518, 0
1520, 0
1522, 0
1524, 0
1531, 0
1534, 0
1535, 0
1539, 0
1541, 0
1544, 0
1546, 0
1548, 0
1550, 0
1554, 0
1558, 0
1560, 0
1563, 0
1573, 0
1575, 0
1579, 0
1581, 0
1588, 0
1590, 0
1594, 0
1598, 0
1599, 0
1601, 0
1603, 0
1605, 0
1609, 0
1612, 0
1615, 0
1619, 0
1620, 0
1623, 0
1625, 0
1631, 0
1633, 0
1636, 0
1642, 0
1644, 0
1648, 0
1650, 0
1652, 0
1654, 0
1655, 0
1659, 0
1660, 0
1664, 0
1668, 0
1671, 0
1673, 0
1675, 0
1680, 0
1682, 0
1684, 0
1685, 0
1691, 0
1693, 0
1698, 0
1700, 0
1701, 0
1703, 0
1709, 0
1711, 0
1713, 0
1718, 0
1720, 0
1721, 0
1723, 0
1725, 0
1731, 0
1735, 0
1740, 0
1742, 0
1744, 0
1746, 0
1750, 0
1752, 0
1754, 0
1758, 0
1761, 0
1765, 0
1768, 0
1770, 0
1772, 0
1774, 0
1776, 0
1784, 0
1788, 0
1790, 0
1793, 0
1798, 0
1802, 0
1804, 0
1808, 0
1810, 0
1812, 0
1814, 0
1818, 0
1823, 0
1825, 0
1829, 0
1830, 0
1835, 0
1839, 0
1842, 0
1844, 0
1845, 0
1848, 0
1850, 0
1855, 0
1859, 0
1862, 0
1864, 0
1865, 0
1869, 0
1871, 0
1873, 0
1875, 0
1879, 0
1881, 0
1888, 0
1890, 0
1891, 0
1894, 0
1897, 0
1899, 0
1902, 0
1904, 0
1909, 0
1910, 0
1914, 0
1917, 0
1919, 0
1920, 0
1922, 0
1928, 0
1931, 0
1934, 0
1939, 0
1941, 0
1944, 0
1945, 0
1949, 0
1951, 0
1953, 0
1958, 0
1961, 0
1963, 0
1965, 0
1973, 0
1976, 0
1979, 0
1983, 0
1989, 0
1995, 0
1998, 0
2000, 0
2003, 0
2004, 0
2007, 0
2010, 0
2011, 0
2013, 0
2015, 0
2018, 0
2020, 0
2021, 0
2023, 0
2029, 0
2031, 0
2033, 0
2036, 0
2043, 0
2045, 0
2049, 0
2051, 0
2053, 0
2055, 0
2058, 0
2061, 0
2064, 0
2068, 0
2070, 0
2072, 0
2076, 0
2080, 0
2081, 0
2083, 0
2087, 0
2092, 0
2094, 0
2098, 0
2100, 0
2102, 0
2105, 0
2108, 0
2110, 0
2111, 0
2114, 0
2118, 0
2120, 0
2121, 0
2128, 0
2129, 0
2131, 0
2133, 0
2134, 0
2137, 0
2140, 0
2142, 0
2144, 0
2149, 0
2150, 0
2154, 0
2158, 0
2161, 0
2164, 0
2169, 0
2171, 0
2172, 0
2174, 0
2178, 0
2179, 0
2181, 0
2182, 0
2185, 0
2189, 0
2195, 0
2198, 0
2201, 0
2203, 0
2209, 0
2211, 0
2213, 0
2215, 0
2217, 0
2220, 0
2225, 0
2229, 0
2230, 0
2233, 0
2235, 0
2238, 0
2241, 0
2244, 0
2249, 0
2252, 0
2259, 0
2260, 0
2262, 0
2264, 0
2266, 0
2269, 0
2271, 0
2273, 0
2275, 0
2279, 0
2281, 0
2284, 0
2285, 0
2288, 0
2294, 0
2298, 0
2300, 0
2302, 0
2304, 0
2309, 0
2310, 0
2314, 0
2315, 0
2318, 0
2321, 0
2323, 0
2326, 0
2329, 0
2331, 0
2334, 0
2338, 0
2341, 0
2345, 0
2348, 0
2350, 0
2351, 0
2357, 0
2360, 0
2363, 0
2365, 0
2368, 0
2375, 0
2379, 0
2385, 0
2388, 0
2390, 0
2394, 0
2395, 0
2398, 0
2400, 0
2404, 0
2408, 0
2410, 0
2413, 0
2418, 0
2419, 0
2421, 0
2424, 0
2428, 0
2433, 0
2436, 0
2440, 0
2441, 0
2445, 0
2450, 0
2451, 0
2454, 0
2459, 0
2461, 0
2463, 0
2467, 0
2471, 0
2473, 0
2475, 0
2478, 0
2480, 0
2481, 0
2484, 0
2487, 0
2490, 0
2492, 0
2498, 0
2500, 0
2502, 0
2504, 0
2507, 0
2511, 0
2514, 0
2516, 0
2519, 0
2521, 0
2523, 0
2525, 0
2530, 0
2531, 0
2534, 0
2538, 0
2543, 0
2544, 0
2549, 0
2550, 0
2552, 0
2555, 0
2558, 0
2560, 0
2564, 0
2568, 0
2569, 0
2570, 0
2572, 0
2574, 0
2575, 0
2579, 0
2580, 0
2583, 0
2584, 0
2589, 0
2594, 0
2599, 0
2601, 0
2605, 0
2608, 0
2610, 0
2612, 0
2614, 0
2618, 0
2620, 0
2621, 0
2624, 0
2625, 0
2632, 0
2634, 0
2636, 0
2639, 0
2641, 0
2644, 0
2650, 0
2652, 0
2660, 0
2661, 0
2664, 0
2668, 0
2670, 0
2672, 0
2675, 0
2678, 0
2680, 0
2681, 0
2683, 0
2687, 0
2688, 0
2694, 0
2698, 0
2700, 0
2703, 0
2704, 0
2707, 0
2709, 0
2710, 0
2714, 0
2718, 0
2719, 0
2720, 0
2724, 0
2726, 0
2729, 0
2732, 0
2734, 0
2738, 0
2742, 0
2745, 0
2748, 0
2751, 0
2754, 0
2759, 0
2762, 0
2764, 0
2767, 0
2769, 0
2771, 0
2779, 0
2781, 0
2788, 0
2792, 0
2794, 0
2798, 0
2802, 0
2806, 0
2808, 0
2813, 0
2814, 0
2817, 0
2821, 0
2823, 0
2825, 0
2828, 0
2830, 0
2831, 0
2835, 0
2849, 0
2851, 0
2856, 0
2859, 0
2861, 0
2863, 0
2865, 0
2868, 0
2871, 0
2885, 0
2888, 0
2894, 0
2895, 0
2899, 0
2901, 0
2904, 0
2905, 0
2908, 0
2910, 0
2913, 0
2917, 0
2922, 0
2924, 0
2927, 0
2931, 0
2933, 0
2938, 0
2939, 0
2940, 0
2943, 0
2944, 0
2948, 0
2950, 0
2951, 0
2958, 0
2961, 0
2964, 0
2968, 0
2970, 0
2973, 0
2978, 0
2980, 0
2983, 0
2984, 0
2988, 0
2992, 0
2994, 0
2997, 0
3002, 0
3003, 0
3008, 0
3010, 0
3012, 0
3014, 0
3018, 0
3020, 0
3024, 0
3028, 0
3030, 0
3032, 0
3034, 0
3040, 0
3041, 0
3043, 0
3045, 0
3048, 0
3054, 0
3058, 0
3060, 0
3061, 0
3063, 0
3065, 0
3069, 0
3071, 0
3073, 0
3074, 0
3077, 0
3079, 0
3080, 0
3083, 0
3090, 0
3093, 0
3095, 0
3099, 0
3101, 0
3103, 0
3110, 0
3113, 0
3118, 0
3121, 0
3123, 0
3128, 0
3130, 0
3134, 0
3138, 0
3141, 0
3144, 0
3148, 0
3150, 0
3154, 0
3160, 0
3163, 0
3165, 0
3168, 0
3172, 0
3180, 0
3181, 0
3185, 0
3188, 0
3192, 0
3194, 0
3198, 0
3200, 0
3202, 0
3204, 0
3205, 0
3210, 0
3212, 0
3214, 0
3217, 0
3220, 0
3221, 0
3223, 0
3227, 0
3230, 0
3232, 0
3234, 0
3238, 0
3240, 0
3241, 0
3245, 0
3249, 0
3251, 0
3254, 0
3257, 0
3259, 0
3262, 0
3265, 0
3268, 0
3270, 0
3272, 0
3274, 0
3278, 0
3279, 0
3281, 0
3283, 0
3287, 0
3288, 0
3290, 0
3292, 0
3294, 0
3299, 0
3301, 0
3303, 0
3307, 0
3308, 0
3312, 0
3314, 0
3318, 0
3319, 0
3321, 0
3324, 0
3327, 0
3329, 0
3331, 0
3334, 0
3335, 0
3339, 0
3340, 0
3343, 0
3344, 0
3348, 0
3350, 0
3352, 0
3354, 0
3358, 0
3360, 0
3364, 0
3368, 0
3370, 0
3372, 0
3374, 0
3378, 0
3381, 0
3383, 0
3385, 0
3388, 0
3391, 0
3393, 0
3394, 0
3397, 0
3398, 0
3400, 0
3403, 0
3405, 0
3408, 0
3410, 0
3414, 0
3418, 0
3420, 0
3422, 0
3424, 0
3425, 0
3428, 0
3430, 0
3433, 0
3434, 0
3438, 0
3440, 0
3442, 0
3444, 0
3448, 0
3449, 0
3451, 0
3453, 0
3454, 0
3457, 0
3460, 0
3461, 0
3466, 0
3468, 0
3470, 0
3473, 0
3474, 0
3477, 0
3479, 0
3480, 0
3484, 0
3486, 0
3490, 0
3491, 0
3493, 0
3494, 0
3498, 0
3500, 0
3502, 0
3504, 0
3508, 0
3510, 0
3513, 0
3517, 0
3520, 0
3522, 0
3524, 0
3528, 0
3530, 0
3531, 0
3534, 0
3538, 0
3540, 0
3542, 0
3544, 0
3547, 0
3548, 0
3551, 0
3554, 0
3557, 0
3559, 0
3562, 0
3567, 0
3569, 0
3571, 0
3580, 0
3582, 0
3587, 0
3590, 0
3592, 0
3593, 0
3598, 0
3599, 0
3601, 0
3604, 0
3607, 0
3609, 0
3611, 0
3613, 0
3618, 0
3620, 0
3622, 0
3624, 0
3627, 0
3629, 0
3632, 0
3635, 0
3638, 0
3640, 0
3643, 0
3645, 0
3648, 0
3650, 0
3651, 0
3652, 0
3655, 0
3658, 0
3661, 0
3663, 0
3668, 0
3670, 0
3672, 0
3673, 0
3678, 0
3680, 0
3682, 0
3684, 0
3688, 0
3690, 0
3693, 0
3695, 0
3698, 0
3700, 0
3703, 0
3705, 0
3708, 0
3711, 0
3713, 0
3715, 0
3721, 0
3723, 0
3724, 0
3727, 0
3729, 0
3731, 0
3734, 0
3737, 0
3739, 0
3741, 0
3743, 0
3747, 0
3750, 0
3752, 0
3754, 0
3757, 0
3759, 0
3760, 0
3763, 0
3765, 0
3770, 0
3772, 0
3774, 0
3777, 0
3785, 0
3788, 0
3790, 0
3792, 0
3795, 0
3798, 0
3800, 0
3802, 0
3804, 0
3808, 0
3809, 0
3811, 0
3813, 0
3817, 0
3818, 0
3822, 0
3824, 0
3827, 0
3830, 0
3831, 0
3835, 0
3838, 0
3842, 0
3844, 0
3847, 0
3850, 0
3851, 0
3853, 0
3857, 0
3859, 0
3861, 0
3863, 0
3865, 0
3870, 0
3873, 0
3875, 0
3878, 0
3880, 0
3883, 0
3884, 0
3888, 0
3890, 0
3891, 0
3894, 0
3898, 0
3901, 0
3903, 0
3905, 0
3908, 0
3910, 0
3913, 0
3915, 0
3918, 0
3920, 0
3923, 0
3925, 0
3928, 0
3930, 0
3933, 0
3935, 0
3938, 0
3940, 0
3943, 0
3945, 0
3948, 0
3949, 0
3951, 0
3954, 0
3957, 0
3960, 0
3962, 0
3963, 0
3968, 0
3970, 0
3971, 0
3981, 0
3983, 0
3988, 0
3990, 0
3992, 0
3995, 0
4000, 0
4002, 0
4004, 0
4008, 0
4010, 0
4012, 0
4015, 0
4018, 0
4019, 0
4022, 0
4024, 0
4028, 0
4030, 0
4032, 0
4034, 0
4038, 0
4039, 0
4043, 0
4044, 0
4048, 0
4049, 0
4050, 0
4052, 0
4055, 0
4059, 0
4061, 0
4064, 0
4065, 0
4068, 0
4070, 0
4071, 0
4072, 0
4077, 0
4080, 0
4083, 0
4085, 0
4089, 0
4090, 0
4092, 0
4094, 0
4098, 0
4101, 0
4103, 0
4105, 0
4109, 0
4110, 0
4112, 0
4114, 0
4118, 0
4119, 0
4120, 0
4123, 0
4128, 0
4130, 0
4132, 0
4134, 0
4138, 0
4140, 0
4142, 0
4144, 0
4147, 0
4149, 0
4150, 0
4152, 0
4154, 0
4157, 0
4160, 0
4163, 0
4164, 0
4168, 0
4170, 0
4172, 0
4174, 0
4180, 0
4182, 0
4184, 0
4187, 0
4189, 0
4191, 0
4193, 0
4197, 0
4200, 0
4201, 0
4203, 0
4205, 0
4208, 0
4210, 0
4211, 0
4213, 0
4216, 0
4218, 0
4220, 0
4221, 0
4223, 0
4225, 0
4229, 0
4232, 0
4237, 0
4239, 0
4240, 0
4242, 0
4244, 0
4248, 0
4250, 0
4253, 0
4255, 0
4258, 0
4260, 0
4261, 0
4264, 0
4268, 0
4269, 0
4271, 0
4273, 0
4274, 0
4277, 0
4281, 0
4284, 0
4288, 0
4290, 0
4293, 0
4294, 0
4297, 0
4300, 0
4301, 0
4303, 0
4307, 0
4309, 0
4312, 0
4313, 0
4315, 0
4318, 0
4320, 0
4321, 0
4324, 0
4326, 0
4329, 0
4332, 0
4334, 0
4338, 0
4339, 0
4340, 0
4344, 0
4348, 0
4350, 0
4352, 0
4355, 0
4360, 0
4362, 0
4363, 0
4367, 0
4368, 0
4371, 0
4373, 0
4374, 0
4384, 0
4387, 0
4388, 0
4392, 0
4398, 0
4401, 0
4402, 0
4404, 0
4409, 0
4410, 0
4413, 0
4415, 0
4419, 0
4420, 0
4423, 0
4427, 0
4428, 0
4431, 0
4435, 0
4440, 0
4441, 0
4443, 0
4447, 0
4448, 0
4450, 0
4452, 0
4455, 0
4459, 0
4460, 0
4462, 0
4465, 0
4468, 0
4470, 0
4472, 0
4473, 0
4474, 0
4478, 0
4481, 0
4482, 0
4488, 0
4490, 0
4493, 0
4494, 0
4498, 0
4499, 0
4501, 0
4504, 0
4507, 0
4508, 0
4510, 0
4513, 0
4515, 0
4519, 0
4522, 0
4524, 0
4528, 0
4530, 0
4532, 0
4537, 0
4539, 0
4540, 0
4543, 0
4546, 0
4548, 0
4551, 0
4554, 0
4557, 0
4558, 0
4561, 0
4562, 0
4565, 0
4568, 0
4570, 0
4571, 0
4572, 0
4576, 0
4578, 0
4580, 0
4581, 0
4583, 0
4584, 0
4589, 0
4591, 0
4592, 0
4594, 0
4598, 0
4600, 0
4602, 0
4605, 0
4608, 0
4610, 0
4613, 0
4614, 0
4617, 0
4618, 0
4620, 0
4622, 0
4627, 0
4629, 0
4631, 0
4634, 0
4638, 0
4640, 0
4644, 0
4648, 0
4651, 0
4654, 0
4656, 0
4658, 0
4660, 0
4663, 0
4665, 0
4668, 0
4671, 0
4673, 0
4675, 0
4678, 0
4680, 0
4682, 0
4685, 0
4689, 0
4691, 0
4693, 0
4694, 0
4697, 0
4700, 0
4701, 0
4703, 0
4705, 0
4708, 0
4709, 0
4710, 0
4712, 0
4714, 0
4716, 0
4719, 0
4720, 0
4722, 0
4723, 0
4725, 0
4728, 0
4730, 0
4733, 0
4736, 0
4738, 0
4742, 0
4747, 0
4748, 0
4751, 0
4752, 0
4755, 0
4758, 0
4760, 0
4761, 0
4764, 0
4766, 0
4769, 0
4772, 0
4774, 0
4786, 0
4788, 0
4792, 0
4797, 0
4800, 0
4802, 0
4805, 0
4808, 0
4810, 0
4814, 0
4818, 0
4820, 0
4822, 0
4824, 0
4828, 0
4830, 0
4832, 0
4834, 0
4838, 0
4840, 0
4844, 0
4848, 0
4851, 0
4854, 0
4858, 0
4860, 0
4862, 0
4864, 0
4867, 0
4871, 0
4873, 0
4877, 0
4878, 0
4883, 0
4888, 0
4892, 0
4894, 0
4898, 0
4900, 0
4901, 0
4903, 0
4907, 0
4909, 0
4911, 0
4912, 0
4919, 0
4921, 0
4923, 0
4925, 0
4928, 0
4929, 0
4931, 0
4933, 0
4934, 0
4938, 0
4943, 0
4945, 0
4948, 0
4951, 0
4953, 0
4954, 0
4958, 0
4960, 0
4962, 0
4964, 0
4970, 0
4973, 0
4975, 0
4977, 0
4979, 0
4981, 0
4984, 0
4986, 0
4988, 0
4990, 0
4995, 0
4998, 0
5000, 0
5002, 0
5007, 0
5010, 0
5013, 0
5018, 0
5020, 0
5021, 0
5024, 0
5028, 0
5032, 0
5034, 0
5038, 0
5040, 0
5042, 0
5045, 0
5049, 0
5050, 0
5052, 0
5054, 0
5058, 0
5062, 0
5064, 0
5067, 0
5068, 0
5070, 0
5073, 0
5077, 0
5078, 0
5081, 0
5084, 0
5086, 0
5088, 0
5090, 0
5092, 0
5097, 0
5100, 0
5103, 0
5105, 0
5108, 0
5110, 0
5111, 0
5115, 0
5118, 0
5122, 0
5124, 0
5128, 0
5133, 0
5135, 0
5138, 0
5140, 0
5142, 0
5147, 0
5149, 0
5150, 0
5152, 0
5157, 0
5158, 0
5161, 0
5163, 0
5164, 0
5168, 0
5169, 0
5171, 0
5175, 0
5187, 0
5192, 0
5200, 0
5205, 0
5212, 0
5217, 0
5220, 0
5222, 0
5228, 0
5230, 0
5233, 0
5238, 0
5240, 0
5243, 0
5245, 0
5252, 0
5255, 0
5259, 0
5261, 0
5266, 0
5269, 0
5271, 0
5273, 0
5277, 0
5280, 0
5285, 0
5289, 0
5290, 0
5292, 0
5294, 0
5298, 0
5304, 0
5308, 0
5309, 0
5310, 0
5312, 0
5316, 0
5318, 0
5320, 0
5322, 0
5324, 0
5328, 0
5330, 0
5332, 0
5337, 0
5339, 0
5342, 0
5344, 0
5352, 0
5354, 0
5357, 0
5359, 0
5363, 0
5367, 0
5369, 0
5370, 0
5372, 0
5375, 0
5379, 0
5381, 0
5382, 0
5389, 0
5391, 0
5393, 0
5395, 0
5398, 0
5401, 0
5404, 0
5408, 0
5413, 0
5417, 0
5419, 0
5421, 0
5424, 0
5429, 0
5432, 0
5433, 0
5437, 0
5442, 0
5444, 0
5448, 0
5449, 0
5451, 0
5455, 0
5459, 0
5461, 0
5463, 0
5468, 0
5470, 0
5477, 0
5479, 0
5481, 0
5483, 0
5485, 0
5488, 0
5490, 0
5492, 0
5494, 0
5498, 0
5499, 0
5500, 0
5508, 0
5510, 0
5512, 0
5513, 0
5515, 0
5518, 0
5520, 0
5521, 0
5524, 0
5530, 0
5532, 0
5534, 0
5538, 0
5540, 0
5544, 0
5548, 0
5550, 0
5552, 0
5557, 0
5560, 0
5562, 0
5564, 0
5567, 0
5569, 0
5570, 0
5575, 0
5577, 0
5585, 0
5588, 0
5592, 0
5595, 0
5598, 0
5603, 0
5605, 0
5612, 0
5614, 0
5618, 0
5620, 0
5622, 0
5624, 0
5628, 0
5630, 0
5632, 0
5634, 0
5638, 0
5644, 0
5648, 0
5650, 0
5652, 0
5654, 0
5658, 0
5660, 0
5663, 0
5664, 0
5668, 0
5670, 0
5674, 0
5675, 0
5678, 0
5680, 0
5684, 0
5686, 0
5689, 0
5690, 0
5697, 0
5698, 0
5700, 0
5703, 0
5705, 0
5710, 0
5712, 0
5714, 0
5717, 0
5719, 0
5722, 0
5724, 0
5727, 0
5731, 0
5734, 0
5738, 0
5740, 0
5743, 0
5744, 0
5748, 0
5750, 0
5751, 0
5753, 0
5757, 0
5760, 0
5764, 0
5767, 0
5770, 0
5773, 0
5774, 0
5784, 0
5789, 0
5792, 0
5794, 0
5798, 0
5800, 0
5808, 0
5812, 0
5817, 0
5821, 0
5824, 0
5829, 0
5831, 0
5833, 0
5836, 0
5840, 0
5843, 0
5847, 0
5849, 0
5851, 0
5854, 0
5858, 0
5861, 0
5865, 0
5869, 0
5870, 0
5873, 0
5877, 0
5878, 0
5882, 0
5885, 0
5888, 0
5890, 0
5892, 0
5894, 0
5895, 0
5900, 0
5902, 0
5908, 0
5910, 0
5912, 0
5915, 0
5920, 0
5922, 0
5924, 0
5928, 0
5931, 0
5935, 0
5939, 0
5941, 0
5943, 0
5947, 0
5950, 0
5952, 0
5954, 0
5958, 0
5960, 0
5964, 0
5966, 0
5968, 0
5972, 0
5974, 0
5977, 0
5984, 0
5988, 0
5991, 0
5994, 0
5998, 0
6000, 0
6003, 0
6007, 0
6008, 0
6011, 0
6016, 0
6019, 0
6023, 0
6025, 0
6028, 0
6030, 0
6032, 0
6037, 0
6039, 0
6042, 0
6044, 0
6046, 0
6050, 0
6053, 0
6055, 0
6058, 0
6060, 0
6062, 0
6067, 0
6070, 0
6072, 0
6075, 0
6078, 0
6081, 0
6085, 0
6088, 0
6090, 0
6091, 0
6094, 0
6097, 0
6100, 0
6102, 0
6104, 0
6108, 0
6110, 0
6112, 0
6116, 0
6118, 0
6121, 0
6123, 0
6127, 0
6131, 0
6134, 0
6138, 0
6139, 0
6142, 0
6144, 0
6147, 0
6150, 0
6152, 0
6158, 0
6160, 0
6162, 0
6164, 0
6169, 0
6170, 0
6172, 0
6178, 0
6179, 0
6181, 0
6182, 0
6184, 0
6188, 0
6192, 0
6194, 0
6197, 0
6199, 0
6203, 0
6207, 0
6209, 0
6210, 0
6212, 0
6214, 0
6218, 0
6220, 0
6222, 0
6224, 0
6228, 0
6229, 0
6230, 0
6239, 0
6241, 0
6244, 0
6248, 0
6251, 0
6253, 0
6255, 0
6258, 0
6260, 0
6264, 0
6270, 0
6272, 0
6274, 0
6277, 0
6280, 0
6282, 0
6284, 0
6287, 0
6291, 0
6293, 0
6297, 0
6299, 0
6302, 0
6303, 0
6305, 0
6308, 0
6311, 0
6314, 0
6317, 0
6322, 0
6324, 0
6328, 0
6329, 0
6334, 0
6338, 0
6340, 0
6342, 0
6344, 0
6347, 0
6349, 0
6350, 0
6352, 0
6354, 0
6358, 0
6360, 0
6362, 0
6370, 0
6372, 0
6374, 0
6375, 0
6378, 0
6380, 0
6387, 0
6390, 0
6392, 0
6396, 0
6398, 0
6403, 0
6404, 0
6412, 0
6415, 0
6418, 0
6422, 0
6424, 0
6428, 0
6431, 0
6433, 0
6437, 0
6439, 0
6442, 0
6445, 0
6447, 0
6449, 0
6451, 0
6452, 0
6458, 0
6460, 0
6462, 0
6465, 0
6468, 0
6471, 0
6473, 0
6474, 0
6479, 0
6480, 0
6484, 0
6487, 0
6488, 0
6491, 0
6494, 0
6498, 0
6500, 0
6503, 0
6505, 0
6509, 0
6511, 0
6513, 0
6515, 0
6518, 0
6520, 0
6525, 0
6528, 0
6533, 0
6534, 0
6537, 0
6539, 0
6541, 0
6542, 0
6544, 0
6547, 0
6548, 0
6550, 0
6552, 0
6558, 0
6559, 0
6561, 0
6562, 0
6564, 0
6568, 0
6570, 0
6572, 0
6574, 0
6578, 0
6584, 0
6589, 0
6592, 0
6594, 0
6598, 0
6599, 0
6601, 0
6602, 0
6605, 0
6610, 0
6612, 0
6613, 0
6618, 0
6619, 0
6624, 0
6628, 0
6632, 0
6636, 0
6639, 0
6640, 0
6642, 0
6644, 0
6646, 0
6650, 0
6652, 0
6658, 0
6659, 0
6660, 0
6662, 0
6664, 0
6667, 0
6668, 0
6670, 0
6672, 0
6677, 0
6679, 0
6682, 0
6684, 0
6687, 0
6689, 0
6691, 0
6694, 0
6698, 0
6701, 0
6705, 0
6708, 0
6710, 0
6711, 0
6713, 0
6716, 0
6719, 0
6727, 0
6730, 0
6735, 0
6739, 0
6742, 0
6748, 0
6750, 0
6754, 0
6758, 0
6760, 0
6762, 0
6764, 0
6768, 0
6769, 0
6773, 0
6780, 0
6788, 0
6790, 0
6792, 0
6797, 0
6799, 0
6800, 0
6802, 0
6804, 0
6806, 0
6808, 0
6810, 0
6811, 0
6813, 0
6815, 0
6817, 0
6820, 0
6822, 0
6824, 0
6827, 0
6831, 0
6835, 0
6838, 0
6840, 0
6843, 0
6846, 0
6848, 0
6850, 0
6852, 0
6855, 0
6858, 0
6860, 0
6862, 0
6864, 0
6868, 0
6870, 0
6872, 0
6874, 0
6877, 0
6880, 0
6883, 0
6886, 0
6888, 0
6890, 0
6892, 0
6895, 0
6897, 0
6899, 0
6900, 0
6902, 0
6904, 0
6907, 0
6910, 0
6912, 0
6914, 0
6918, 0
6920, 0
6923, 0
6926, 0
6928, 0
6930, 0
6933, 0
6937, 0
6939, 0
6943, 0
6944, 0
6948, 0
6951, 0
6952, 0
6956, 0
6958, 0
6961, 0
6963, 0
6964, 0
6968, 0
6970, 0
6972, 0
6974, 0
6977, 0
6979, 0
6983, 0
6987, 0
6989, 0
6991, 0
6993, 0
6995, 0
6998, 0
7001, 0
7003, 0
7004, 0
7007, 0
7009, 0
7010, 0
7013, 0
7017, 0
7020, 0
7022, 0
7024, 0
7027, 0
7028, 0
7029, 0
7031, 0
7034, 0
7038, 0
7042, 0
7045, 0
7048, 0
7051, 0
7054, 0
7055, 0
7060, 0
7063, 0
7065, 0
7068, 0
7070, 0
7072, 0
7074, 0
7077, 0
7080, 0
7081, 0
7085, 0
7088, 0
7089, 0
7092, 0
7094, 0
7097, 0
7100, 0
7102, 0
7104, 0
7108, 0
7110, 0
7112, 0
7114, 0
7117, 0
7119, 0
7120, 0
7123, 0
7124, 0
7128, 0
7130, 0
7131, 0
7133, 0
7137, 0
7139, 0
7142, 0
7144, 0
7147, 0
7149, 0
7150, 0
7153, 0
7158, 0
7160, 0
7162, 0
7163, 0
7165, 0
7169, 0
7170, 0
7173, 0
7175, 0
7178, 0
7180, 0
7189, 0
7192, 0
7194, 0
7197, 0
7200, 0
7202, 0
7204, 0
7207, 0
7210, 0
7213, 0
7214, 0
7218, 0
7220, 0
7222, 0
7224, 0
7228, 0
7230, 0
7232, 0
7233, 0
7238, 0
7240, 0
7242, 0
7244, 0
7247, 0
7249, 0
7251, 0
7253, 0
7255, 0
7259, 0
7263, 0
7267, 0
7271, 0
7277, 0
7281, 0
7284, 0
7289, 0
7292, 0
7294, 0
7298, 0
7301, 0
7304, 0
7308, 0
7312, 0
7314, 0
7319, 0
7321, 0
7323, 0
7327, 0
7329, 0
7331, 0
7333, 0
7334, 0
7339, 0
7341, 0
7343, 0
7346, 0
7349, 0
7350, 0
7353, 0
7355, 0
7357, 0
7359, 0
7360, 0
7362, 0
7364, 0
7367, 0
7369, 0
7370, 0
7372, 0
7373, 0
7377, 0
7379, 0
7381, 0
7384, 0
7388, 0
7391, 0
7392, 0
7394, 0
7397, 0
7400, 0
7404, 0
7408, 0
7410, 0
7412, 0
7413, 0
7416, 0
7419, 0
7421, 0
7422, 0
7425, 0
7427, 0
7429, 0
7432, 0
7434, 0
7437, 0
7442, 0
7444, 0
7448, 0
7450, 0
7451, 0
7454, 0
7457, 0
7459, 0
7460, 0
7463, 0
7464, 0
7468, 0
7470, 0
7472, 0
7474, 0
7476, 0
7478, 0
7479, 0
7481, 0
7483, 0
7484, 0
7487, 0
7493, 0
7497, 0
7498, 0
7501, 0
7503, 0
7508, 0
7510, 0
7512, 0
7514, 0
7518, 0
7520, 0
7522, 0
7524, 0
7527, 0
7530, 0
7532, 0
7534, 0
7538, 0
7542, 0
7545, 0
7548, 0
7551, 0
7554, 0
7557, 0
7560, 0
7561, 0
7563, 0
7567, 0
7568, 0
7570, 0
7572, 0
7575, 0
7578, 0
7580, 0
7581, 0
7583, 0
7591, 0
7593, 0
7598, 0
7599, 0
7602, 0
7605, 0
7609, 0
7612, 0
7613, 0
7615, 0
7619, 0
7622, 0
7623, 0
7627, 0
7629, 0
7630, 0
7632, 0
7635, 0
7638, 0
7640, 0
7643, 0
7645, 0
7648, 0
7651, 0
7653, 0
7656, 0
7659, 0
7661, 0
7663, 0
7664, 0
7669, 0
7671, 0
7673, 0
7678, 0
7681, 0
7683, 0
7685, 0
7687, 0
7690, 0
7693, 0
7697, 0
7699, 0
7701, 0
7703, 0
7705, 0
7708, 0
7709, 0
7711, 0
7713, 0
7714, 0
7717, 0
7721, 0
7723, 0
7724, 0
7729, 0
7730, 0
7732, 0
7733, 0
7738, 0
7740, 0
7742, 0
7743, 0
7748, 0
7750, 0
7752, 0
7757, 0
7758, 0
7760, 0
7762, 0
7766, 0
7768, 0
7770, 0
7773, 0
7776, 0
7779, 0
7781, 0
7783, 0
7787, 0
7788, 0
7790, 0
7792, 0
7798, 0
7800, 0
7802, 0
7807, 0
7809, 0
7810, 0
7812, 0
7814, 0
7816, 0
7818, 0
7820, 0
7822, 0
7824, 0
7828, 0
7830, 0
7831, 0
7833, 0
7837, 0
7849, 0
7851, 0
7854, 0
7857, 0
7859, 0
7860, 0
7862, 0
7864, 0
7868, 0
7870, 0
7873, 0
7874, 0
7877, 0
7880, 0
7882, 0
7883, 0
7887, 0
7888, 0
7890, 0
7892, 0
7893, 0
7898, 0
7900, 0
7902, 0
7905, 0
7908, 0
7911, 0
7913, 0
7914, 0
7917, 0
7919, 0
7921, 0
7923, 0
7927, 0
7928, 0
7931, 0
7934, 0
7937, 0
7939, 0
7942, 0
7943, 0
7945, 0
7947, 0
7952, 0
7954, 0
7957, 0
7959, 0
7961, 0
7963, 0
7967, 0
7969, 0
7970, 0
7972, 0
7974, 0
7976, 0
7978, 0
7981, 0
7983, 0
7989, 0
7994, 0
7997, 0
8000, 0
8003, 0
8005, 0
8009, 0
8011, 0
8012, 0
8014, 0
8017, 0
8019, 0
8020, 0
8023, 0
8025, 0
8027, 0
8029, 0
8033, 0
8037, 0
8039, 0
8041, 0
8043, 0
8047, 0
8050, 0
8053, 0
8056, 0
8058, 0
8059, 0
8062, 0
8064, 0
8067, 0
8069, 0
8071, 0
8074, 0
8077, 0
8079, 0
8081, 0
8084, 0
8086, 0
8089, 0
8092, 0
8095, 0
8097, 0
8102, 0
8103, 0
8107, 0
8109, 0
8111, 0
8113, 0
8114, 0
8118, 0
8120, 0
8123, 0
8127, 0
8129, 0
8132, 0
8135, 0
8138, 0
8140, 0
8143, 0
8145, 0
8148, 0
8150, 0
8152, 0
8154, 0
8157, 0
8159, 0
8162, 0
8164, 0
8167, 0
8170, 0
8172, 0
8177, 0
8179, 0
8181, 0
8183, 0
8187, 0
8189, 0
8191, 0
8192, 0
8194, 0
8197, 0
8200, 0
8203, 0
8205, 0
8208, 0
8210, 0
8212, 0
8214, 0
8219, 0
8220, 0
8222, 0
8223, 0
8227, 0
8230, 0
8232, 0
8233, 0
8237, 0
8238, 0
8242, 0
8244, 0
8247, 0
8249, 0
8250, 0
8255, 0
8257, 0
8259, 0
8261, 0
8263, 0
8267, 0
8268, 0
8273, 0
8275, 0
8277, 0
8280, 0
8282, 0
8284, 0
8287, 0
8289, 0
8291, 0
8293, 0
8296, 0
8298, 0
8300, 0
8302, 0
8307, 0
8309, 0
8310, 0
8312, 0
8314, 0
8317, 0
8319, 0
8321, 0
8323, 0
8324, 0
8327, 0
8329, 0
8331, 0
8332, 0
8337, 0
8338, 0
8342, 0
8344, 0
8347, 0
8349, 0
8351, 0
8353, 0
8357, 0
8359, 0
8361, 0
8362, 0
8364, 0
8367, 0
8369, 0
8371, 0
8373, 0
8374, 0
8377, 0
8380, 0
8382, 0
8383, 0
8385, 0
8395, 0
8398, 0
8400, 0
8404, 0
8408, 0
8411, 0
8413, 0
8418, 0
8421, 0
8423, 0
8424, 0
8427, 0
8430, 0
8433, 0
8436, 0
8437, 0
8441, 0
8443, 0
8444, 0
8448, 0
8449, 0
8452, 0
8454, 0
8458, 0
8460, 0
8463, 0
8464, 0
8467, 0
8469, 0
8470, 0
8473, 0
8477, 0
8480, 0
8482, 0
8484, 0
8487, 0
8489, 0
8492, 0
8493, 0
8496, 0
8498, 0
8500, 0
8502, 0
8503, 0
8507, 0
8509, 0
8513, 0
8514, 0
8517, 0
8520, 0
8522, 0
8525, 0
8527, 0
8529, 0
8530, 0
8533, 0
8536, 0
8538, 0
8540, 0
8542, 0
8544, 0
8547, 0
8548, 0
8551, 0
8553, 0
8557, 0
8562, 0
8563, 0
8566, 0
8568, 0
8569, 0
8571, 0
8572, 0
8574, 0
8577, 0
8579, 0
8581, 0
8582, 0
8584, 0
8587, 0
8589, 0
8590, 0
8592, 0
8593, 0
8596, 0
8599, 0
8602, 0
8604, 0
8607, 0
8610, 0
8613, 0
8616, 0
8619, 0
8621, 0
8624, 0
8628, 0
8630, 0
8632, 0
8633, 0
8636, 0
8639, 0
8641, 0
8644, 0
8647, 0
8648, 0
8650, 0
8652, 0
8657, 0
8659, 0
8662, 0
8664, 0
8667, 0
8668, 0
8670, 0
8673, 0
8675, 0
8678, 0
8680, 0
8683, 0
8684, 0
8688, 0
8690, 0
8691, 0
8693, 0
8697, 0
8699, 0
8703, 0
8705, 0
8708, 0
8712, 0
8714, 0
8717, 0
8719, 0
8722, 0
8723, 0
8726, 0
8728, 0
8730, 0
8733, 0
8736, 0
8737, 0
8740, 0
8743, 0
8744, 0
8748, 0
8750, 0
8753, 0
8756, 0
8757, 0
8759, 0
8761, 0
8765, 0
8768, 0
8770, 0
8772, 0
8774, 0
8777, 0
8778, 0
8780, 0
8783, 0
8788, 0
8794, 0
8797, 0
8798, 0
8803, 0
8804, 0
8809, 0
8811, 0
8816, 0
8818, 0
8820, 0
8822, 0
8824, 0
8828, 0
8829, 0
8831, 0
8833, 0
8835, 0
8838, 0
8840, 0
8842, 0
8845, 0
8848, 0
8850, 0
8853, 0
8855, 0
8858, 0
8861, 0
8863, 0
8867, 0
8869, 0
8870, 0
8872, 0
8874, 0
8876, 0
8879, 0
8881, 0
8883, 0
8885, 0
8888, 0
8889, 0
8891, 0
8896, 0
8898, 0
8901, 0
8903, 0
8906, 0
8908, 0
8909, 0
8912, 0
8913, 0
8918, 0
8920, 0
8922, 0
8923, 0
8925, 0
8928, 0
8931, 0
8936, 0
8938, 0
8941, 0
8943, 0
8945, 0
8947, 0
8949, 0
8951, 0
8953, 0
8957, 0
8959, 0
8962, 0
8964, 0
8969, 0
8970, 0
8972, 0
8974, 0
8979, 0
8980, 0
8982, 0
8984, 0
8986, 0
8988, 0
8991, 0
8993, 0
8996, 0
8999, 0
9001, 0
9004, 0
9007, 0
9009, 0
9011, 0
9013, 0
9017, 0
9020, 0
9022, 0
9024, 0
9027, 0
9029, 0
9032, 0
9033, 0
9037, 0
9039, 0
9041, 0
9043, 0
9047, 0
9049, 0
9053, 0
9055, 0
9058, 0
9060, 0
9061, 0
9064, 0
9067, 0
9070, 0
9071, 0
9073, 0
9074, 0
9079, 0
9081, 0
9084, 0
9087, 0
9089, 0
9091, 0
9093, 0
9097, 0
9099, 0
9100, 0
9103, 0
9106, 0
9108, 0
9111, 0
9113, 0
9115, 0
9117, 0
9120, 0
9123, 0
9124, 0
9128, 0
9130, 0
9132, 0
9136, 0
9139, 0
9141, 0
9143, 0
9146, 0
9149, 0
9151, 0
9153, 0
9154, 0
9158, 0
9159, 0
9161, 0
9163, 0
9164, 0
9168, 0
9171, 0
9173, 0
9175, 0
9177, 0
9179, 0
9180, 0
9182, 0
9184, 0
9188, 0
9193, 0
9198, 0
9200, 0
9203, 0
9204, 0
9210, 0
9213, 0
9217, 0
9221, 0
9224, 0
9227, 0
9229, 0
9231, 0
9233, 0
9237, 0
9239, 0
9242, 0
9244, 0
9248, 0
9250, 0
9253, 0
9256, 0
9257, 0
9259, 0
9260, 0
9263, 0
9266, 0
9269, 0
9270, 0
9277, 0
9278, 0
9280, 0
9282, 0
9283, 0
9287, 0
9290, 0
9292, 0
9293, 0
9297, 0
9298, 0
9300, 0
9302, 0
9304, 0
9308, 0
9310, 0
9312, 0
9314, 0
9317, 0
9318, 0
9320, 0
9326, 0
9328, 0
9330, 0
9331, 0
9333, 0
9338, 0
9343, 0
9345, 0
9350, 0
9353, 0
9359, 0
9363, 0
9368, 0
9369, 0
9377, 0
9379, 0
9382, 0
9384, 0
9388, 0
9390, 0
9393, 0
9398, 0
9401, 0
9403, 0
9411, 0
9414, 0
9418, 0
9420, 0
9425, 0
9428, 0
9432, 0
9434, 0
9437, 0
9439, 0
9441, 0
9444, 0
9448, 0
9449, 0
9451, 0
9453, 0
9457, 0
9459, 0
9461, 0
9463, 0
9464, 0
9467, 0
9468, 0
9469, 0
9471, 0
9473, 0
9477, 0
9481, 0
9483, 0
9487, 0
9489, 0
9492, 0
9494, 0
9497, 0
9499, 0
9502, 0
9503, 0
9506, 0
9509, 0
9512, 0
9513, 0
9517, 0
9520, 0
9522, 0
9524, 0
9528, 0
9530, 0
9533, 0
9535, 0
9537, 0
9539, 0
9543, 0
9547, 0
9549, 0
9551, 0
9553, 0
9554, 0
9557, 0
9559, 0
9560, 0
9563, 0
9567, 0
9568, 0
9570, 0
9572, 0
9574, 0
9577, 0
9580, 0
9583, 0
9586, 0
9588, 0
9590, 0
9597, 0
9599, 0
9601, 0
9604, 0
9609, 0
9613, 0
9617, 0
9619, 0
9621, 0
9622, 0
9624, 0
9627, 0
9630, 0
9633, 0
9636, 0
9638, 0
9641, 0
9643, 0
9646, 0
9647, 0
9649, 0
9652, 0
9654, 0
9657, 0
9658, 0
9659, 0
9663, 0
9664, 0
9667, 0
9668, 0
9670, 0
9673, 0
9677, 0
9680, 0
9682, 0
9685, 0
9687, 0
9690, 0
9691, 0
9694, 0
9697, 0
9699, 0
9700, 0
9703, 0
9705, 0
9708, 0
9709, 0
9712, 0
9714, 0
9719, 0
9721, 0
9722, 0
9724, 0
9728, 0
9731, 0
9733, 0
9736, 0
9739, 0
9742, 0
9743, 0
9747, 0
9749, 0
9751, 0
9753, 0
9754, 0
9757, 0
9760, 0
9762, 0
9765, 0
9767, 0
9770, 0
9772, 0
9773, 0
9777, 0
9778, 0
9783, 0
9784, 0
9787, 0
9789, 0
9791, 0
9793, 0
9797, 0
9799, 0
9802, 0
9805, 0
9809, 0
9810, 0
9812, 0
9814, 0
9817, 0
9819, 0
9820, 0
9822, 0
9826, 0
9827, 0
9829, 0
9831, 0
9836, 0
9838, 0
9839, 0
9842, 0
9845, 0
9848, 0
9849, 0
9851, 0
9853, 0
9855, 0
9857, 0
9860, 0
9863, 0
9864, 0
9868, 0
9871, 0
9873, 0
9875, 0
9878, 0
9880, 0
9882, 0
9885, 0
9887, 0
9889, 0
9890, 0
9892, 0
9893, 0
9896, 0
9898, 0
9900, 0
9904, 0
9907, 0
9909, 0
9910, 0
9913, 0
9917, 0
9919, 0
9921, 0
9923, 0
9926, 0
9927, 0
9929, 0
9937, 0
9939, 0
9941, 0
9945, 0
9947, 0
9949, 0
9951, 0
9953, 0
9956, 0
9958, 0
9959, 0
9962, 0
9964, 0
9967, 0
9970, 0
9972, 0
9973, 0
9977, 0
9979, 0
9981, 0
9983, 0
9987, 0
9989, 0
9991, 0
9999, 0
10001, 0
10005, 0
10010, 0
10012, 0
10014, 0
10018, 0
10019, 0
10021, 0
10023, 0
10025, 0
10029, 0
10033, 0
10038, 0
10040, 0
10043, 0
10047, 0
10048, 0
10049, 0
10051, 0
10054, 0
10057, 0
10059, 0
10061, 0
10063, 0
10067, 0
10068, 0
10069, 0
10071, 0
10073, 0
10074, 0
10077, 0
10079, 0
10080, 0
10083, 0
10086, 0
10089, 0
10092, 0
10094, 0
10099, 0
10101, 0
10102, 0
10104, 0
10107, 0
10109, 0
10110, 0
10113, 0
10116, 0
10118, 0
10120, 0
10122, 0
10124, 0
10127, 0
10129, 0
10132, 0
10133, 0
10137, 0
10140, 0
10143, 0
10145, 0
10147, 0
10149, 0
10150, 0
10152, 0
10155, 0
10158, 0
10159, 0
10162, 0
10164, 0
10167, 0
10169, 0
10171, 0
10173, 0
10174, 0
10177, 0
10179, 0
10180, 0
10183, 0
10185, 0
10188, 0
10191, 0
10194, 0
10197, 0
10199, 0
10201, 0
10203, 0
10207, 0
10209, 0
10211, 0
10213, 0
10214, 0
10219, 0
10222, 0
10223, 0
10227, 0
10230, 0
10232, 0
10236, 0
10238, 0
10241, 0
10243, 0
10246, 0
10248, 0
10250, 0
10252, 0
10256, 0
10258, 0
10261, 0
10263, 0
10266, 0
10268, 0
10270, 0
10272, 0
10275, 0
10277, 0
10279, 0
10281, 0
10284, 0
10287, 0
10289, 0
10292, 0
10296, 0
10297, 0
10299, 0
10302, 0
10303, 0
10307, 0
10308, 0
10309, 0
10311, 0
10313, 0
10314, 0
10317, 0
10322, 0
10323, 0
10327, 0
10329, 0
10330, 0
10333, 0
10337, 0
10338, 0
10342, 0
10343, 0
10346, 0
10347, 0
10350, 0
10353, 0
10357, 0
10359, 0
10361, 0
10363, 0
10366, 0
10367, 0
10370, 0
10372, 0
10373, 0
10377, 0
10379, 0
10382, 0
10384, 0
10387, 0
10390, 0
10393, 0
10401, 0
10403, 0
10405, 0
10407, 0
10411, 0
10414, 0
10419, 0
10423, 0
10425, 0
10428, 0
10430, 0
10431, 0
10433, 0
10437, 0
10439, 0
10442, 0
10446, 0
10448, 0
10450, 0
10452, 0
10457, 0
10459, 0
10460, 0
10462, 0
10463, 0
10466, 0
10469, 0
10472, 0
10474, 0
10477, 0
10480, 0
10482, 0
10484, 0
10488, 0
10489, 0
10492, 0
10497, 0
10499, 0
10501, 0
10503, 0
10504, 0
10507, 0
10509, 0
10511, 0
10513, 0
10516, 0
10519, 0
10521, 0
10523, 0
10525, 0
10527, 0
10530, 0
10532, 0
10534, 0
10538, 0
10541, 0
10543, 0
10547, 0
10549, 0
10553, 0
10557, 0
10558, 0
10560, 0
10562, 0
10563, 0
10567, 0
10569, 0
10572, 0
10573, 0
10577, 0
10579, 0
10581, 0
10583, 0
10587, 0
10589, 0
10590, 0
10591, 0
10593, 0
10597, 0
10600, 0
10603, 0
10604, 0
10608, 0
10609, 0
10611, 0
10613, 0
10616, 0
10618, 0
10621, 0
10624, 0
10628, 0
10629, 0
10631, 0
10633, 0
10637, 0
10639, 0
10641, 0
10642, 0
10644, 0
10647, 0
10649, 0
10653, 0
10655, 0
10658, 0
10660, 0
10663, 0
10664, 0
10668, 0
10669, 0
10671, 0
10673, 0
10675, 0
10678, 0
10680, 0
10683, 0
10687, 0
10688, 0
10689, 0
10691, 0
10696, 0
10699, 0
10701, 0
10704, 0
10707, 0
10709, 0
10710, 0
10713, 0
10717, 0
10719, 0
10720, 0
10722, 0
10724, 0
10727, 0
10734, 0
10737, 0
10739, 0
10742, 0
10743, 0
10746, 0
10748, 0
10751, 0
10753, 0
10756, 0
10758, 0
10759, 0
10762, 0
10763, 0
10767, 0
10769, 0
10772, 0
10773, 0
10777, 0
10778, 0
10779, 0
10787, 0
10792, 0
10793, 0
10803, 0
10805, 0
10809, 0
10812, 0
10814, 0
10818, 0
10819, 0
10821, 0
10823, 0
10825, 0
10828, 0
10830, 0
10837, 0
10840, 0
10843, 0
10847, 0
10851, 0
10853, 0
10857, 0
10859, 0
10861, 0
10863, 0
10866, 0
10868, 0
10870, 0
10872, 0
10873, 0
10877, 0
10881, 0
10882, 0
10884, 0
10887, 0
10889, 0
10890, 0
10893, 0
10896, 0
10899, 0
10902, 0
10904, 0
10907, 0
10909, 0
10912, 0
10916, 0
10917, 0
10920, 0
10922, 0
10923, 0
10926, 0
10927, 0
10929, 0
10931, 0
10933, 0
10937, 0
10939, 0
10941, 0
10942, 0
10944, 0
10947, 0
10948, 0
10950, 0
10954, 0
10957, 0
10960, 0
10961, 0
10963, 0
10966, 0
10968, 0
10971, 0
10973, 0
10974, 0
10979, 0
10981, 0
10983, 0
10987, 0
10988, 0
10989, 0
10991, 0
10993, 0
10994, 0
10997, 0
10999, 0
11000, 0
11002, 0
11006, 0
11008, 0
11010, 0
11013, 0
11016, 0
11018, 0
11021, 0
11023, 0
11025, 0
11027, 0
11029, 0
11032, 0
11035, 0
11039, 0
11042, 0
11044, 0
11047, 0
11049, 0
11052, 0
11057, 0
11059, 0
11060, 0
11062, 0
11067, 0
11069, 0
11072, 0
11073, 0
11077, 0
11078, 0
11079, 0
11082, 0
11085, 0
11087, 0
11090, 0
11092, 0
11094, 0
11097, 0
11099, 0
11102, 0
11107, 0
11109, 0
11110, 0
11112, 0
11113, 0
11116, 0
11118, 0
11119, 0
11121, 0
11124, 0
11129, 0
11131, 0
11133, 0
11137, 0
11139, 0
11141, 0
11143, 0
11146, 0
11147, 0
11150, 0
11153, 0
11157, 0
11159, 0
11161, 0
11164, 0
11167, 0
11169, 0
11170, 0
11173, 0
11177, 0
11179, 0
11180, 0
11182, 0
11184, 0
11187, 0
11190, 0
11192, 0
11193, 0
11203, 0
11208, 0
11212, 0
11213, 0
11216, 0
11217, 0
11219, 0
11221, 0
11223, 0
11226, 0
11228, 0
11230, 0
11232, 0
11235, 0
11239, 0
11241, 0
11243, 0
11246, 0
11247, 0
11249, 0
11251, 0
11253, 0
11256, 0
11259, 0
11261, 0
11264, 0
11267, 0
11271, 0
11273, 0
11277, 0
11279, 0
11280, 0
11282, 0
11283, 0
11287, 0
11288, 0
11291, 0
11293, 0
11297, 0
11298, 0
11300, 0
11302, 0
11306, 0
11309, 0
11310, 0
11313, 0
11316, 0
11317, 0
11320, 0
11322, 0
11324, 0
11328, 0
11331, 0
11332, 0
11336, 0
11338, 0
11340, 0
11342, 0
11346, 0
11347, 0
11349, 0
11351, 0
11353, 0
11357, 0
11360, 0
11362, 0
11364, 0
11367, 0
11369, 0
11370, 0
11372, 0
11373, 0
11377, 0
11379, 0
11382, 0
11384, 0
11387, 0
11389, 0
11392, 0
11396, 0
11397, 0
11401, 0
11403, 0
11404, 0
11407, 0
11409, 0
11411, 0
11413, 0
11416, 0
11422, 0
11428, 0
11430, 0
11437, 0
11439, 0
11443, 0
11447, 0
11450, 0
11456, 0
11458, 0
11462, 0
11466, 0
11470, 0
11473, 0
11477, 0
11478, 0
11480, 0
11483, 0
11485, 0
11489, 0
11491, 0
11493, 0
11497, 0
11498, 0
11501, 0
11503, 0
11504, 0
11507, 0
11509, 0
11510, 0
11515, 0
11517, 0
11519, 0
11521, 0
11523, 0
11524, 0
11528, 0
11531, 0
11533, 0
11537, 0
11539, 0
11540, 0
11542, 0
11543, 0
11546, 0
11557, 0
11560, 0
11563, 0
11567, 0
11570, 0
11573, 0
11577, 0
11578, 0
11580, 0
11581, 0
11583, 0
11587, 0
11588, 0
11590, 0
11591, 0
11593, 0
11596, 0
11604, 0
11608, 0
11612, 0
11617, 0
11618, 0
11621, 0
11623, 0
11627, 0
11629, 0
11633, 0
11636, 0
11638, 0
11640, 0
11642, 0
11644, 0
11647, 0
11649, 0
11652, 0
11653, 0
11657, 0
11658, 0
11661, 0
11663, 0
11669, 0
11671, 0
11672, 0
11673, 0
11676, 0
11678, 0
11679, 0
11681, 0
11682, 0
11684, 0
11687, 0
11688, 0
11690, 0
11691, 0
11693, 0
11696, 0
11698, 0
11699, 0
11701, 0
11704, 0
11707, 0
11709, 0
11712, 0
11718, 0
11720, 0
11721, 0
11723, 0
11728, 0
11731, 0
11733, 0
11737, 0
11739, 0
11741, 0
11743, 0
11746, 0
11748, 0
11749, 0
11752, 0
11754, 0
11757, 0
11759, 0
11762, 0
11764, 0
11768, 0
11771, 0
11773, 0
11779, 0
11782, 0
11786, 0
11788, 0
11790, 0
11793, 0
11797, 0
11799, 0
11801, 0
11802, 0
11805, 0
11807, 0
11809, 0
11811, 0
11813, 0
11815, 0
11819, 0
11821, 0
11822, 0
11824, 0
11828, 0
11830, 0
11833, 0
11837, 0
11839, 0
11841, 0
11843, 0
11846, 0
11848, 0
11849, 0
11852, 0
11855, 0
11857, 0
11860, 0
11863, 0
11866, 0
11868, 0
11871, 0
11873, 0
11876, 0
11878, 0
11879, 0
11881, 0
11884, 0
11886, 0
11888, 0
11889, 0
11892, 0
11893, 0
11896, 0
11899, 0
11902, 0
11904, 0
11907, 0
11909, 0
11911, 0
11913, 0
11916, 0
11917, 0
11919, 0
11922, 0
11927, 0
11929, 0
11931, 0
11934, 0
11937, 0
11939, 0
11941, 0
11943, 0
11946, 0
11949, 0
11951, 0
11954, 0
11958, 0
11961, 0
11963, 0
11965, 0
11967, 0
11969, 0
11972, 0
11974, 0
11978, 0
11980, 0
11981, 0
11983, 0
11986, 0
11989, 0
11992, 0
11994, 0
11998, 0
12007, 0
12011, 0
12012, 0
12013, 0
12017, 0
12019, 0
12021, 0
12024, 0
12027, 0
12030, 0
12032, 0
12034, 0
12038, 0
12039, 0
12041, 0
12043, 0
12047, 0
12049, 0
12051, 0
12056, 0
12059, 0
12060, 0
12063, 0
12066, 0
12067, 0
12069, 0
12073, 0
12076, 0
12079, 0
12081, 0
12082, 0
12084, 0
12087, 0
12089, 0
12091, 0
12092, 0
12094, 0
12097, 0
12099, 0
12100, 0
12102, 0
12106, 0
12109, 0
12113, 0
12117, 0
12119, 0
12121, 0
12124, 0
12127, 0
12128, 0
12131, 0
12133, 0
12137, 0
12139, 0
12141, 0
12143, 0
12145, 0
12147, 0
12149, 0
12153, 0
12157, 0
12159, 0
12161, 0
12164, 0
12167, 0
12169, 0
12171, 0
12177, 0
12179, 0
12181, 0
12183, 0
12187, 0
12189, 0
12191, 0
12194, 0
12197, 0
12199, 0
12200, 0
12203, 0
12205, 0
12207, 0
12209, 0
12211, 0
12213, 0
12217, 0
12219, 0
12221, 0
12223, 0
12227, 0
12229, 0
12230, 0
12232, 0
12233, 0
12237, 0
12239, 0
12240, 0
12242, 0
12243, 0
12246, 0
12248, 0
12251, 0
12253, 0
12258, 0
12259, 0
12261, 0
12264, 0
12267, 0
12269, 0
12270, 0
12273, 0
12279, 0
12280, 0
12282, 0
12284, 0
12287, 0
12289, 0
12290, 0
12292, 0
12296, 0
12299, 0
12301, 0
12303, 0
12307, 0
12308, 0
12310, 0
12311, 0
12313, 0
12316, 0
12318, 0
12320, 0
12321, 0
12323, 0
12325, 0
12330, 0
12333, 0
12336, 0
12338, 0
12341, 0
12342, 0
12347, 0
12349, 0
12352, 0
12354, 0
12358, 0
12360, 0
12362, 0
12364, 0
12368, 0
12369, 0
12373, 0
12376, 0
12379, 0
12382, 0
12384, 0
12387, 0
12388, 0
12390, 0
12393, 0
12394, 0
12398, 0
12405, 0
12407, 0
12408, 0
12412, 0
12414, 0
12418, 0
12419, 0
12421, 0
12423, 0
12424, 0
12428, 0
12431, 0
12433, 0
12437, 0
12439, 0
12441, 0
12443, 0
12446, 0
12449, 0
12450, 0
12452, 0
12455, 0
12458, 0
12461, 0
12463, 0
12466, 0
12469, 0
12471, 0
12473, 0
12478, 0
12481, 0
12483, 0
12486, 0
12488, 0
12490, 0
12493, 0
12495, 0
12497, 0
12500, 0
12502, 0
12506, 0
12509, 0
12511, 0
12514, 0
12517, 0
12519, 0
12521, 0
12523, 0
12525, 0
12527, 0
12529, 0
12531, 0
12534, 0
12537, 0
12538, 0
12539, 0
12541, 0
12543, 0
12546, 0
12548, 0
12549, 0
12551, 0
12553, 0
12556, 0
12560, 0
12562, 0
12563, 0
12567, 0
12569, 0
12571, 0
12577, 0
12579, 0
12583, 0
12587, 0
12589, 0
12591, 0
12593, 0
12596, 0
12597, 0
12599, 0
12601, 0
12603, 0
12607, 0
12609, 0
12612, 0
12613, 0
12617, 0
12619, 0
12621, 0
12623, 0
12626, 0
12628, 0
12631, 0
12635, 0
12637, 0
12639, 0
12640, 0
12642, 0
12644, 0
12647, 0
12648, 0
12651, 0
12653, 0
12656, 0
12657, 0
12659, 0
12661, 0
12662, 0
12663, 0
12666, 0
12668, 0
12670, 0
12673, 0
12678, 0
12681, 0
12688, 0
12690, 0
12692, 0
12693, 0
12696, 0
12699, 0
12701, 0
12703, 0
12707, 0
12709, 0
12711, 0
12713, 0
12717, 0
12718, 0
12719, 0
12723, 0
12726, 0
12728, 0
12730, 0
12732, 0
12737, 0
12740, 0
12742, 0
12744, 0
12747, 0
12748, 0
12749, 0
12753, 0
12755, 0
12759, 0
12760, 0
12763, 0
12766, 0
12767, 0
12769, 0
12772, 0
12774, 0
12789, 0
12791, 0
12793, 0
12796, 0
12799, 0
12812, 0
12815, 0
12819, 0
12821, 0
12826, 0
12827, 0
12829, 0
12831, 0
12833, 0
12847, 0
12849, 0
12852, 0
12856, 0
12858, 0
12859, 0
12861, 0
12863, 0
12866, 0
12869, 0
12871, 0
12872, 0
12876, 0
12879, 0
12883, 0
12889, 0
12891, 0
12893, 0
12897, 0
12900, 0
12902, 0
12906, 0
12909, 0
12916, 0
12918, 0
12920, 0
12921, 0
12924, 0
12926, 0
12928, 0
12930, 0
12934, 0
12937, 0
12940, 0
12942, 0
12944, 0
12946, 0
12949, 0
12951, 0
12956, 0
12959, 0
12962, 0
12964, 0
12966, 0
12968, 0
12970, 0
12974, 0
12977, 0
12979, 0
12980, 0
12982, 0
12984, 0
12987, 0
12988, 0
12991, 0
12993, 0
12997, 0
12999, 0
13001, 0
13002, 0
13008, 0
13010, 0
13012, 0
13014, 0
13018, 0
13021, 0
13026, 0
13032, 0
13035, 0
13038, 0
13041, 0
13044, 0
13047, 0
13052, 0
13054, 0
13057, 0
13058, 0
13061, 0
13063, 0
13067, 0
13072, 0
13074, 0
13077, 0
13078, 0
13080, 0
13083, 0
13086, 0
13089, 0
13093, 0
13096, 0
13098, 0
13099, 0
13103, 0
13106, 0
13110, 0
13112, 0
13116, 0
13117, 0
13119, 0
13121, 0
13122, 0
13124, 0
13127, 0
13129, 0
13130, 0
13133, 0
13137, 0
13141, 0
13146, 0
13148, 0
13152, 0
13154, 0
13157, 0
13159, 0
13161, 0
13163, 0
13166, 0
13168, 0
13171, 0
13177, 0
13179, 0
13180, 0
13182, 0
13186, 0
13188, 0
13189, 0
13192, 0
13196, 0
13200, 0
13209, 0
13211, 0
13213, 0
13217, 0
13219, 0
13220, 0
13222, 0
13224, 0
13228, 0
13229, 0
13236, 0
13238, 0
13241, 0
13243, 0
13249, 0
13251, 0
13253, 0
13257, 0
13259, 0
13262, 0
13265, 0
13267, 0
13269, 0
13275, 0
13277, 0
13279, 0
13281, 0
13286, 0
13288, 0
13290, 0
13292, 0
13293, 0
13297, 0
13299, 0
13301, 0
13309, 0
13311, 0
13313, 0
13315, 0
13317, 0
13319, 0
13320, 0
13323, 0
13328, 0
13330, 0
13332, 0
13336, 0
13337, 0
13342, 0
13346, 0
13349, 0
13353, 0
13356, 0
13358, 0
13359, 0
13363, 0
13366, 0
13369, 0
13371, 0
13373, 0
13377, 0
13379, 0
13381, 0
13384, 0
13387, 0
13389, 0
13393, 0
13396, 0
13398, 0
13400, 0
13402, 0
13404, 0
13408, 0
13410, 0
13411, 0
13417, 0
13418, 0
13419, 0
13421, 0
13423, 0
13428, 0
13430, 0
13431, 0
13434, 0
13437, 0
13438, 0
13441, 0
13443, 0
13446, 0
13447, 0
13450, 0
13454, 0
13457, 0
13458, 0
13460, 0
13462, 0
13464, 0
13468, 0
13470, 0
13473, 0
13478, 0
13479, 0
13481, 0
13486, 0
13487, 0
13491, 0
13497, 0
13501, 0
13508, 0
13511, 0
13514, 0
13519, 0
13524, 0
13528, 0
13531, 0
13535, 0
13538, 0
13539, 0
13545, 0
13547, 0
13549, 0
13554, 0
13558, 0
13561, 0
13563, 0
13566, 0
13568, 0
13573, 0
13577, 0
13580, 0
13582, 0
13585, 0
13587, 0
13589, 0
13591, 0
13597, 0
13599, 0
13611, 0
13613, 0
13617, 0
13621, 0
13623, 0
13626, 0
13631, 0
13635, 0
13639, 0
13642, 0
13644, 0
13648, 0
13651, 0
13656, 0
13658, 0
13660, 0
13662, 0
13666, 0
13669, 0
13672, 0
13676, 0
13678, 0
13681, 0
13686, 0
13688, 0
13689, 0
13691, 0
13693, 0
13695, 0
13697, 0
13701, 0
13702, 0
13706, 0
13708, 0
13712, 0
13717, 0
13719, 0
13721, 0
13727, 0
13729, 0
13731, 0
13733, 0
13737, 0
13739, 0
13741, 0
13743, 0
13748, 0
13749, 0
13753, 0
13757, 0
13759, 0
13761, 0
13766, 0
13767, 0
13773, 0
13776, 0
13779, 0
13782, 0
13784, 0
13787, 0
13789, 0
13793, 0
13797, 0
13798, 0
13801, 0
13803, 0
13809, 0
13810, 0
13813, 0
13819, 0
13821, 0
13823, 0
13827, 0
13828, 0
13829, 0
13836, 0
13838, 0
13840, 0
13844, 0
13848, 0
13849, 0
13852, 0
13856, 0
13860, 0
13862, 0
13863, 0
13866, 0
13871, 0
13874, 0
13877, 0
13879, 0
13880, 0
13882, 0
13886, 0
13888, 0
13891, 0
13894, 0
13897, 0
13899, 0
13902, 0
13906, 0
13911, 0
13912, 0
13915, 0
13917, 0
13918, 0
13921, 0
13922, 0
13924, 0
13927, 0
13929, 0
13937, 0
13938, 0
13943, 0
13946, 0
13947, 0
13949, 0
13950, 0
13952, 0
13954, 0
13957, 0
13961, 0
13965, 0
13967, 0
13972, 0
13976, 0
13978, 0
13980, 0
13981, 0
13983, 0
13988, 0
13989, 0
13994, 0
13997, 0
13999, 0
14001, 0
14008, 0
14014, 0
14016, 0
14019, 0
14021, 0
14026, 0
14028, 0
14029, 0
14032, 0
14034, 0
14038, 0
14039, 0
14042, 0
14045, 0
14047, 0
14051, 0
14054, 0
14057, 0
14059, 0
14063, 0
14067, 0
14070, 0
14072, 0
14073, 0
14076, 0
14078, 0
14079, 0
14081, 0
14086, 0
14088, 0
14091, 0
14092, 0
14096, 0
14098, 0
14099, 0
14104, 0
14107, 0
14112, 0
14116, 0
14118, 0
14119, 0
14126, 0
14127, 0
14129, 0
14131, 0
14134, 0
14137, 0
14138, 0
14143, 0
14145, 0
14147, 0
14149, 0
14150, 0
14152, 0
14154, 0
14157, 0
14158, 0
14159, 0
14163, 0
14169, 0
14173, 0
14176, 0
14179, 0
14181, 0
14182, 0
14186, 0
14189, 0
14191, 0
14193, 0
14197, 0
14202, 0
14206, 0
14208, 0
14211, 0
14213, 0
14217, 0
14219, 0
14221, 0
14223, 0
14227, 0
14229, 0
14231, 0
14238, 0
14240, 0
14244, 0
14247, 0
14249, 0
14252, 0
14254, 0
14258, 0
14260, 0
14264, 0
14269, 0
14271, 0
14273, 0
14277, 0
14278, 0
14280, 0
14281, 0
14284, 0
14287, 0
14289, 0
14292, 0
14294, 0
14298, 0
14301, 0
14304, 0
14307, 0
14308, 0
14311, 0
14316, 0
14320, 0
14322, 0
14323, 0
14327, 0
14330, 0
14333, 0
14337, 0
14339, 0
14343, 0
14346, 0
14347, 0
14349, 0
14352, 0
14353, 0
14357, 0
14359, 0
14361, 0
14363, 0
14367, 0
14369, 0
14371, 0
14376, 0
14378, 0
14382, 0
14384, 0
14387, 0
14388, 0
14391, 0
14393, 0
14396, 0
14399, 0
14401, 0
14411, 0
14413, 0
14417, 0
14421, 0
14426, 0
14428, 0
14436, 0
14438, 0
14440, 0
14442, 0
14445, 0
14448, 0
14450, 0
14452, 0
14454, 0
14456, 0
14460, 0
14462, 0
14466, 0
14468, 0
14471, 0
14473, 0
14476, 0
14477, 0
14479, 0
14480, 0
14482, 0
14486, 0
14488, 0
14490, 0
14491, 0
14497, 0
14500, 0
14504, 0
14508, 0
14512, 0
14516, 0
14518, 0
14519, 0
14522, 0
14526, 0
14528, 0
14530, 0
14531, 0
14533, 0
14537, 0
14538, 0
14542, 0
14544, 0
14548, 0
14550, 0
14552, 0
14557, 0
14559, 0
14563, 0
14566, 0
14571, 0
14573, 0
14576, 0
14578, 0
14579, 0
14581, 0
14582, 0
14586, 0
14588, 0
14590, 0
14594, 0
14597, 0
14601, 0
14604, 0
14606, 0
14608, 0
14609, 0
14611, 0
14613, 0
14615, 0
14617, 0
14618, 0
14621, 0
14626, 0
14628, 0
14631, 0
14636, 0
14638, 0
14639, 0
14646, 0
14648, 0
14651, 0
14657, 0
14659, 0
14662, 0
14666, 0
14667, 0
14669, 0
14671, 0
14676, 0
14679, 0
14681, 0
14684, 0
14688, 0
14692, 0
14693, 0
14698, 0
14700, 0
14702, 0
14706, 0
14707, 0
14709, 0
14711, 0
14713, 0
14716, 0
14718, 0
14720, 0
14726, 0
14729, 0
14730, 0
14733, 0
14736, 0
14737, 0
14739, 0
14742, 0
14744, 0
14747, 0
14750, 0
14752, 0
14756, 0
14758, 0
14761, 0
14762, 0
14766, 0
14769, 0
14770, 0
14772, 0
14778, 0
14781, 0
14783, 0
14786, 0
14788, 0
14790, 0
14792, 0
14796, 0
14798, 0
14801, 0
14803, 0
14811, 0
14813, 0
14816, 0
14818, 0
14820, 0
14822, 0
14827, 0
14829, 0
14832, 0
14836, 0
14839, 0
14841, 0
14843, 0
14846, 0
14850, 0
14853, 0
14857, 0
14859, 0
14861, 0
14862, 0
14864, 0
14866, 0
14868, 0
14870, 0
14871, 0
14873, 0
14876, 0
14879, 0
14881, 0
14882, 0
14886, 0
14887, 0
14889, 0
14892, 0
14894, 0
14897, 0
14899, 0
14901, 0
14902, 0
14904, 0
14908, 0
14910, 0
14911, 0
14913, 0
14916, 0
14918, 0
14922, 0
14924, 0
14931, 0
14933, 0
14937, 0
14938, 0
14940, 0
14943, 0
14947, 0
14949, 0
14952, 0
14957, 0
14959, 0
14961, 0
14963, 0
14967, 0
14968, 0
14969, 0
14971, 0
14973, 0
14976, 0
14980, 0
14982, 0
14984, 0
14986, 0
14988, 0
14991, 0
14992, 0
14995, 0
14997, 0
14998, 0
15000, 0
15002, 0
15005, 0
15008, 0
15010, 0
15012, 0
15017, 0
15019, 0
15021, 0
15024, 0
15027, 0
15029, 0
15033, 0
15036, 0
15038, 0
15041, 0
15042, 0
15046, 0
15048, 0
15050, 0
15052, 0
15056, 0
15058, 0
15061, 0
15062, 0
15064, 0
15067, 0
15069, 0
15071, 0
15073, 0
15076, 0
15078, 0
15080, 0
15086, 0
15088, 0
15089, 0
15091, 0
15093, 0
15096, 0
15098, 0
15100, 0
15101, 0
15103, 0
15106, 0
15107, 0
15109, 0
15112, 0
15114, 0
15116, 0
15118, 0
15120, 0
15121, 0
15126, 0
15128, 0
15129, 0
15136, 0
15138, 0
15139, 0
15142, 0
15143, 0
15146, 0
15148, 0
15150, 0
15155, 0
15157, 0
15159, 0
15161, 0
15163, 0
15165, 0
15168, 0
15170, 0
15172, 0
15176, 0
15179, 0
15181, 0
15186, 0
15188, 0
15191, 0
15192, 0
15194, 0
15198, 0
15200, 0
15202, 0
15203, 0
15210, 0
15213, 0
15217, 0
15219, 0
15221, 0
15223, 0
15226, 0
15231, 0
15233, 0
15239, 0
15241, 0
15243, 0
15247, 0
15249, 0
15252, 0
15254, 0
15258, 0
15259, 0
15261, 0
15264, 0
15266, 0
15268, 0
15271, 0
15273, 0
15277, 0
15278, 0
15280, 0
15283, 0
15287, 0
15290, 0
15291, 0
15293, 0
15296, 0
15297, 0
15298, 0
15300, 0
15302, 0
15303, 0
15306, 0
15308, 0
15310, 0
15311, 0
15313, 0
15316, 0
15317, 0
15319, 0
15321, 0
15322, 0
15324, 0
15327, 0
15329, 0
15331, 0
15339, 0
15342, 0
15346, 0
15348, 0
15350, 0
15352, 0
15354, 0
15357, 0
15359, 0
15361, 0
15362, 0
15365, 0
15367, 0
15368, 0
15370, 0
15372, 0
15375, 0
15377, 0
15378, 0
15380, 0
15383, 0
15386, 0
15390, 0
15392, 0
15396, 0
15398, 0
15400, 0
15402, 0
15406, 0
15408, 0
15409, 0
15411, 0
15412, 0
15415, 0
15417, 0
15420, 0
15421, 0
15423, 0
15426, 0
15427, 0
15428, 0
15430, 0
15434, 0
15437, 0
15439, 0
15443, 0
15446, 0
15448, 0
15452, 0
15454, 0
15458, 0
15459, 0
15461, 0
15463, 0
15467, 0
15471, 0
15473, 0
15476, 0
15478, 0
15481, 0
15483, 0
15486, 0
15488, 0
15490, 0
15492, 0
15496, 0
15498, 0
15501, 0
15503, 0
15506, 0
15508, 0
15509, 0
15511, 0
15512, 0
15514, 0
15517, 0
15519, 0
15521, 0
15523, 0
15526, 0
15528, 0
15530, 0
15532, 0
15536, 0
15538, 0
15539, 0
15544, 0
15547, 0
15551, 0
15553, 0
15557, 0
15559, 0
15560, 0
15562, 0
15564, 0
15566, 0
15571, 0
15572, 0
15574, 0
15579, 0
15582, 0
15587, 0
15590, 0
15592, 0
15598, 0
15601, 0
15604, 0
15607, 0
15616, 0
15619, 0
15623, 0
15626, 0
15631, 0
15636, 0
15639, 0
15641, 0
15646, 0
15650, 0
15652, 0
15656, 0
15658, 0
15659, 0
15662, 0
15663, 0
15668, 0
15670, 0
15671, 0
15673, 0
15676, 0
15677, 0
15678, 0
15680, 0
15682, 0
15684, 0
15687, 0
15689, 0
15690, 0
15693, 0
15697, 0
15699, 0
15701, 0
15702, 0
15705, 0
15708, 0
15709, 0
15712, 0
15713, 0
15716, 0
15718, 0
15720, 0
15722, 0
15727, 0
15729, 0
15733, 0
15737, 0
15740, 0
15743, 0
15749, 0
15751, 0
15754, 0
15756, 0
15758, 0
15759, 0
15761, 0
15763, 0
15766, 0
15767, 0
15769, 0
15770, 0
15775, 0
15777, 0
15779, 0
15783, 0
15786, 0
15788, 0
15790, 0
15792, 0
15796, 0
15800, 0
15802, 0
15806, 0
15807, 0
15809, 0
15812, 0
15814, 0
15818, 0
15820, 0
15823, 0
15826, 0
15829, 0
15831, 0
15833, 0
15837, 0
15839, 0
15841, 0
15842, 0
15845, 0
15850, 0
15852, 0
15857, 0
15859, 0
15862, 0
15866, 0
15868, 0
15869, 0
15872, 0
15873, 0
15877, 0
15878, 0
15880, 0
15881, 0
15883, 0
15886, 0
15888, 0
15890, 0
15892, 0
15894, 0
15896, 0
15899, 0
15902, 0
15905, 0
15907, 0
15909, 0
15911, 0
15912, 0
15915, 0
15919, 0
15921, 0
15923, 0
15926, 0
15928, 0
15929, 0
15932, 0
15936, 0
15938, 0
15941, 0
15943, 0
15946, 0
15948, 0
15950, 0
15955, 0
15957, 0
15959, 0
15962, 0
15963, 0
15966, 0
15968, 0
15971, 0
15973, 0
15977, 0
15978, 0
15980, 0
15982, 0
15986, 0
15987, 0
15990, 0
15992, 0
15996, 0
15998, 0
15999, 0
16002, 0
16006, 0
16008, 0
16012, 0
16017, 0
16019, 0
16022, 0
16026, 0
16029, 0
16032, 0
16036, 0
16039, 0
16042, 0
16043, 0
16046, 0
16048, 0
16051, 0
16057, 0
16059, 0
16061, 0
16063, 0
16066, 0
16068, 0
16069, 0
16072, 0
16075, 0
16077, 0
16078, 0
16081, 0
16082, 0
16086, 0
16087, 0
16091, 0
16093, 0
16096, 0
16098, 0
16099, 0
16101, 0
16102, 0
16104, 0
16108, 0
16109, 0
16112, 0
16116, 0
16117, 0
16119, 0
16123, 0
16126, 0
16127, 0
16130, 0
16132, 0
16134, 0
16136, 0
16138, 0
16141, 0
16143, 0
16146, 0
16148, 0
16150, 0
16152, 0
16157, 0
16159, 0
16160, 0
16164, 0
16167, 0
16169, 0
16171, 0
16173, 0
16177, 0
16179, 0
16181, 0
16183, 0
16187, 0
16188, 0
16191, 0
16193, 0
16196, 0
16199, 0
16201, 0
16203, 0
16208, 0
16209, 0
16211, 0
16213, 0
16216, 0
16219, 0
16221, 0
16223, 0
16226, 0
16227, 0
16228, 0
16230, 0
16232, 0
16236, 0
16240, 0
16242, 0
16244, 0
16246, 0
16248, 0
16249, 0
16252, 0
16254, 0
16256, 0
16261, 0
16262, 0
16266, 0
16268, 0
16270, 0
16272, 0
16276, 0
16278, 0
16279, 0
16281, 0
16285, 0
16288, 0
16289, 0
16290, 0
16293, 0
16296, 0
16299, 0
16301, 0
16303, 0
16306, 0
16308, 0
16310, 0
16312, 0
16313, 0
16317, 0
16321, 0
16323, 0
16326, 0
16328, 0
16330, 0
16332, 0
16335, 0
16337, 0
16340, 0
16342, 0
16345, 0
16347, 0
16349, 0
16351, 0
16353, 0
16355, 0
16357, 0
16359, 0
16362, 0
16368, 0
16370, 0
16372, 0
16374, 0
16376, 0
16379, 0
16381, 0
16383, 0
16386, 0
16389, 0
16391, 0
16394, 0
16397, 0
16399, 0
16401, 0
16403, 0
16406, 0
16408, 0
16409, 0
16419, 0
16422, 0
16425, 0
16427, 0
16430, 0
16432, 0
16436, 0
16438, 0
16441, 0
16443, 0
16446, 0
16448, 0
16451, 0
16453, 0
16457, 0
16459, 0
16462, 0
16466, 0
16467, 0
16468, 0
16471, 0
16472, 0
16474, 0
16476, 0
16478, 0
16479, 0
16482, 0
16484, 0
16486, 0
16488, 0
16489, 0
16491, 0
16492, 0
16495, 0
16498, 0
16500, 0
16502, 0
16505, 0
16507, 0
16508, 0
16510, 0
16512, 0
16517, 0
16520, 0
16523, 0
16526, 0
16528, 0
16531, 0
16534, 0
16538, 0
16540, 0
16543, 0
16547, 0
16549, 0
16551, 0
16553, 0
16556, 0
16558, 0
16559, 0
16562, 0
16566, 0
16568, 0
16570, 0
16572, 0
16574, 0
16577, 0
16580, 0
16582, 0
16585, 0
16587, 0
16589, 0
16591, 0
16593, 0
16597, 0
16598, 0
16600, 0
16603, 0
16606, 0
16608, 0
16609, 0
16612, 0
16616, 0
16617, 0
16619, 0
16622, 0
16623, 0
16626, 0
16628, 0
16631, 0
16633, 0
16636, 0
16638, 0
16639, 0
16642, 0
16645, 0
16647, 0
16649, 0
16650, 0
16652, 0
16655, 0
16657, 0
16660, 0
16662, 0
16663, 0
16668, 0
16672, 0
16675, 0
16678, 0
16681, 0
16683, 0
16686, 0
16688, 0
16690, 0
16692, 0
16695, 0
16697, 0
16699, 0
16702, 0
16703, 0
16707, 0
16709, 0
16711, 0
16713, 0
16718, 0
16720, 0
16721, 0
16722, 0
16726, 0
16728, 0
16729, 0
16731, 0
16732, 0
16736, 0
16737, 0
16739, 0
16742, 0
16746, 0
16747, 0
16749, 0
16753, 0
16756, 0
16759, 0
16760, 0
16762, 0
16766, 0
16768, 0
16771, 0
16773, 0
16781, 0
16783, 0
16786, 0
16788, 0
16790, 0
16792, 0
16795, 0
16797, 0
16800, 0
16801, 0
16805, 0
16807, 0
16810, 0
16817, 0
16821, 0
16823, 0
16826, 0
16830, 0
16833, 0
16836, 0
16840, 0
16843, 0
16846, 0
16848, 0
16851, 0
16852, 0
16855, 0
16857, 0
16858, 0
16860, 0
16862, 0
16863, 0
16867, 0
16871, 0
16879, 0
16881, 0
16883, 0
16886, 0
16887, 0
16889, 0
16890, 0
16893, 0
16896, 0
16898, 0
16901, 0
16903, 0
16906, 0
16907, 0
16909, 0
16911, 0
16915, 0
16918, 0
16919, 0
16922, 0
16926, 0
16928, 0
16929, 0
16932, 0
16936, 0
16938, 0
16941, 0
16943, 0
16946, 0
16948, 0
16950, 0
16952, 0
16955, 0
16957, 0
16960, 0
16962, 0
16963, 0
16966, 0
16968, 0
16970, 0
16972, 0
16976, 0
16979, 0
16981, 0
16982, 0
16986, 0
16988, 0
16990, 0
16992, 0
16993, 0
16996, 0
16998, 0
17002, 0
17005, 0
17006, 0
17010, 0
17012, 0
17013, 0
17016, 0
17019, 0
17021, 0
17026, 0
17027, 0
17030, 0
17032, 0
17036, 0
17038, 0
17041, 0
17043, 0
17046, 0
17049, 0
17051, 0
17053, 0
17057, 0
17058, 0
17060, 0
17063, 0
17066, 0
17068, 0
17070, 0
17075, 0
17078, 0
17080, 0
17082, 0
17084, 0
17086, 0
17089, 0
17092, 0
17093, 0
17096, 0
17098, 0
17100, 0
17102, 0
17106, 0
17108, 0
17110, 0
17112, 0
17116, 0
17117, 0
17118, 0
17120, 0
17123, 0
17127, 0
17129, 0
17132, 0
17136, 0
17138, 0
17141, 0
17143, 0
17146, 0
17148, 0
17149, 0
17152, 0
17153, 0
17156, 0
17158, 0
17161, 0
17162, 0
17164, 0
17168, 0
17170, 0
17173, 0
17178, 0
17179, 0
17181, 0
17183, 0
17186, 0
17189, 0
17192, 0
17193, 0
17196, 0
17198, 0
17201, 0
17203, 0
17207, 0
17208, 0
17212, 0
17218, 0
17220, 0
17222, 0
17228, 0
17233, 0
17236, 0
17239, 0
17241, 0
17242, 0
17246, 0
17248, 0
17249, 0
17252, 0
17253, 0
17256, 0
17258, 0
17259, 0
17261, 0
17262, 0
17265, 0
17266, 0
17268, 0
17270, 0
17272, 0
17276, 0
17279, 0
17283, 0
17286, 0
17288, 0
17289, 0
17291, 0
17292, 0
17296, 0
17298, 0
17299, 0
17301, 0
17303, 0
17306, 0
17309, 0
17311, 0
17312, 0
17315, 0
17317, 0
17320, 0
17322, 0
17325, 0
17329, 0
17332, 0
17335, 0
17340, 0
17343, 0
17346, 0
17348, 0
17350, 0
17352, 0
17356, 0
17359, 0
17361, 0
17363, 0
17367, 0
17370, 0
17372, 0
17375, 0
17378, 0
17381, 0
17383, 0
17387, 0
17390, 0
17392, 0
17396, 0
17398, 0
17399, 0
17401, 0
17403, 0
17406, 0
17408, 0
17411, 0
17413, 0
17417, 0
17418, 0
17420, 0
17422, 0
17423, 0
17428, 0
17432, 0
17436, 0
17438, 0
17440, 0
17442, 0
17445, 0
17447, 0
17449, 0
17452, 0
17456, 0
17458, 0
17459, 0
17461, 0
17463, 0
17467, 0
17470, 0
17472, 0
17473, 0
17477, 0
17482, 0
17485, 0
17486, 0
17488, 0
17491, 0
17492, 0
17495, 0
17496, 0
17498, 0
17501, 0
17505, 0
17508, 0
17510, 0
17512, 0
17516, 0
17518, 0
17520, 0
17522, 0
17525, 0
17526, 0
17529, 0
17535, 0
17537, 0
17539, 0
17541, 0
17543, 0
17546, 0
17548, 0
17551, 0
17553, 0
17556, 0
17558, 0
17561, 0
17563, 0
17566, 0
17568, 0
17571, 0
17573, 0
17576, 0
17577, 0
17578, 0
17580, 0
17585, 0
17586, 0
17588, 0
17590, 0
17592, 0
17593, 0
17597, 0
17598, 0
17600, 0
17601, 0
17603, 0
17607, 0
17609, 0
17612, 0
17621, 0
17627, 0
17629, 0
17631, 0
17636, 0
17638, 0
17639, 0
17642, 0
17645, 0
17648, 0
17650, 0
17652, 0
17657, 0
17662, 0
17666, 0
17669, 0
17672, 0
17675, 0
17678, 0
17682, 0
17686, 0
17689, 0
17692, 0
17697, 0
17699, 0
17701, 0
17706, 0
17709, 0
17712, 0
17716, 0
17718, 0
17722, 0
17726, 0
17728, 0
17730, 0
17735, 0
17738, 0
17741, 0
17743, 0
17747, 0
17748, 0
17750, 0
17752, 0
17756, 0
17759, 0
17761, 0
17763, 0
17766, 0
17768, 0
17770, 0
17774, 0
17776, 0
17778, 0
17786, 0
17791, 0
17793, 0
17797, 0
17799, 0
17801, 0
17805, 0
17807, 0
17809, 0
17811, 0
17813, 0
17816, 0
17818, 0
17820, 0
17823, 0
17826, 0
17828, 0
17830, 0
17832, 0
17835, 0
17847, 0
17849, 0
17852, 0
17856, 0
17858, 0
17860, 0
17863, 0
17866, 0
17868, 0
17869, 0
17871, 0
17872, 0
17875, 0
17877, 0
17879, 0
17881, 0
17885, 0
17888, 0
17891, 0
17892, 0
17897, 0
17900, 0
17902, 0
17903, 0
17906, 0
17908, 0
17909, 0
17912, 0
17916, 0
17918, 0
17921, 0
17922, 0
17926, 0
17928, 0
17930, 0
17932, 0
17936, 0
17938, 0
17942, 0
17943, 0
17947, 0
17948, 0
17950, 0
17952, 0
17956, 0
17958, 0
17961, 0
17963, 0
17966, 0
17969, 0
17971, 0
17973, 0
17976, 0
17978, 0
17980, 0
17982, 0
17986, 0
17989, 0
17991, 0
17993, 0
17996, 0
17997, 0
17998, 0
18001, 0
18002, 0
18005, 0
18007, 0
18008, 0
18010, 0
18012, 0
18020, 0
18025, 0
18027, 0
18030, 0
18036, 0
18038, 0
18039, 0
18042, 0
18045, 0
18046, 0
18048, 0
18050, 0
18052, 0
18055, 0
18057, 0
18058, 0
18060, 0
18061, 0
18065, 0
18068, 0
18071, 0
18073, 0
18077, 0
18078, 0
18080, 0
18082, 0
18087, 0
18089, 0
18091, 0
18093, 0
18096, 0
18098, 0
18100, 0
18103, 0
18106, 0
18108, 0
18110, 0
18111, 0
18112, 0
18116, 0
18118, 0
18120, 0
18123, 0
18126, 0
18129, 0
18132, 0
18135, 0
18138, 0
18140, 0
18142, 0
18146, 0
18148, 0
18151, 0
18153, 0
18156, 0
18158, 0
18159, 0
18162, 0
18164, 0
18167, 0
18169, 0
18170, 0
18172, 0
18176, 0
18177, 0
18180, 0
18182, 0
18186, 0
18187, 0
18190, 0
18192, 0
18196, 0
18198, 0
18200, 0
18202, 0
18205, 0
18207, 0
18209, 0
18210, 0
18212, 0
18215, 0
18217, 0
18218, 0
18220, 0
18222, 0
18226, 0
18227, 0
18230, 0
18232, 0
18238, 0
18240, 0
18242, 0
18244, 0
18248, 0
18250, 0
18252, 0
18256, 0
18257, 0
18258, 0
18260, 0
18263, 0
18266, 0
18268, 0
18270, 0
18272, 0
18276, 0
18278, 0
18280, 0
18282, 0
18285, 0
18287, 0
18289, 0
18291, 0
18293, 0
18296, 0
18298, 0
18300, 0
18302, 0
18303, 0
18306, 0
18308, 0
18310, 0
18312, 0
18315, 0
18316, 0
18318, 0
18319, 0
18321, 0
18322, 0
18326, 0
18328, 0
18330, 0
18331, 0
18336, 0
18339, 0
18341, 0
18345, 0
18350, 0
18352, 0
18355, 0
18357, 0
18359, 0
18361, 0
18363, 0
18366, 0
18368, 0
18371, 0
18373, 0
18377, 0
18379, 0
18381, 0
18383, 0
18386, 0
18388, 0
18390, 0
18391, 0
18396, 0
18397, 0
18400, 0
18402, 0
18403, 0
18406, 0
18409, 0
18411, 0
18413, 0
18416, 0
18418, 0
18426, 0
18430, 0
18432, 0
18435, 0
18438, 0
18441, 0
18443, 0
18446, 0
18449, 0
18452, 0
18456, 0
18457, 0
18460, 0
18462, 0
18465, 0
18467, 0
18470, 0
18471, 0
18473, 0
18477, 0
18479, 0
18482, 0
18486, 0
18487, 0
18489, 0
18491, 0
18492, 0
18496, 0
18498, 0
18499, 0
18502, 0
18506, 0
18508, 0
18510, 0
18512, 0
18515, 0
18516, 0
18518, 0
18522, 0
18525, 0
18526, 0
18529, 0
18531, 0
18533, 0
18537, 0
18538, 0
18540, 0
18543, 0
18546, 0
18548, 0
18550, 0
18555, 0
18557, 0
18558, 0
18561, 0
18563, 0
18566, 0
18569, 0
18571, 0
18573, 0
18576, 0
18578, 0
18581, 0
18582, 0
18585, 0
18588, 0
18589, 0
18591, 0
18592, 0
18596, 0
18597, 0
18598, 0
18601, 0
18605, 0
18608, 0
18610, 0
18612, 0
18616, 0
18619, 0
18621, 0
18623, 0
18626, 0
18628, 0
18629, 0
18631, 0
18636, 0
18637, 0
18639, 0
18641, 0
18643, 0
18646, 0
18648, 0
18650, 0
18652, 0
18656, 0
18657, 0
18659, 0
18660, 0
18662, 0
18665, 0
18667, 0
18669, 0
18671, 0
18676, 0
18677, 0
18679, 0
18682, 0
18683, 0
18686, 0
18690, 0
18692, 0
18696, 0
18698, 0
18700, 0
18702, 0
18707, 0
18708, 0
18711, 0
18713, 0
18717, 0
18719, 0
18721, 0
18722, 0
18725, 0
18726, 0
18728, 0
18730, 0
18732, 0
18736, 0
18738, 0
18740, 0
18743, 0
18747, 0
18748, 0
18750, 0
18752, 0
18754, 0
18758, 0
18761, 0
18763, 0
18766, 0
18768, 0
18769, 0
18771, 0
18773, 0
18777, 0
18780, 0
18782, 0
18785, 0
18787, 0
18789, 0
18791, 0
18795, 0
18797, 0
18800, 0
18801, 0
18803, 0
18808, 0
18810, 0
18812, 0
18815, 0
18817, 0
18822, 0
18829, 0
18831, 0
18834, 0
18837, 0
18841, 0
18846, 0
18848, 0
18849, 0
18852, 0
18854, 0
18858, 0
18860, 0
18862, 0
18863, 0
18866, 0
18868, 0
18869, 0
18871, 0
18872, 0
18876, 0
18878, 0
18879, 0
18881, 0
18882, 0
18886, 0
18887, 0
18889, 0
18891, 0
18892, 0
18896, 0
18899, 0
18901, 0
18903, 0
18906, 0
18908, 0
18910, 0
18912, 0
18913, 0
18916, 0
18918, 0
18920, 0
18922, 0
18928, 0
18932, 0
18936, 0
18937, 0
18939, 0
18941, 0
18942, 0
18946, 0
18948, 0
18951, 0
18968, 0
18970, 0
18975, 0
18978, 0
18979, 0
18981, 0
18982, 0
18987, 0
18989, 0
18991, 0
18995, 0
18996, 0
18999, 0
19002, 0
19007, 0
19016, 0
19018, 0
